Entity,Precision Change,Recall Change,F1 Change
B-DATE,-0.240445560078569,-0.2592129093016517,-0.2765970232445463
B-LOC,-0.30473527996982697,-0.4763907890863252,-0.42898112158141416
B-ORG,-0.297969044193161,-0.055591860640407276,-0.0945897233626308
B-PER,-0.17286395714604902,-0.2771705475870716,-0.24437198866254778
I-DATE,0.07358023113837069,0.023255813953488372,0.035053119970515266
I-LOC,-0.329691792081248,-0.1812697356409877,-0.250531932392267
I-ORG,-0.2880790337691189,-0.009376997432573815,-0.031262268823028586
I-PER,-0.026492596718735217,0.10681284907036757,0.1257106621839047
O,-0.05722705446442955,-0.02408480164057991,-0.042134192549459826
