Entity,Precision Change,Recall Change,F1 Change
B-DATE,-0.24979670886983307,-0.4302659648556913,-0.3788803954231616
B-LOC,-0.28326900108551845,-0.48832605236126236,-0.40763360264068277
B-ORG,-0.48101217896861015,-0.17016610129839746,-0.2517739512574778
B-PER,-0.14542165028318865,-0.2156926462962548,-0.1880794684864019
I-DATE,0.0,0.0,0.0
I-LOC,-0.23323963067567416,-0.10514986385497335,-0.1472591036387187
I-ORG,-0.40277848131078753,-0.06640636389803709,-0.11877247959382715
I-PER,0.18827749480774034,0.21908154774287497,0.2729675323521899
O,-0.04910709635948296,-0.026355140399303312,-0.038521122711932976
