Entity,Precision Change,Recall Change,F1 Change
B-DATE,0.12855911505383233,0.5630453752181501,0.5052246209014517
B-LOC,0.16281339284691437,0.40624200562803786,0.38577837406939297
B-ORG,-0.1350778987586868,0.15012238237693773,0.10252918405531242
B-PER,0.13639863044442468,0.32947770093012163,0.2995370511155677
I-DATE,0.36347034755583674,0.1820754716981132,0.23945547095571776
I-LOC,0.25426153563916015,0.39942938659058486,0.4665532148602036
I-ORG,0.3832021120036733,0.30068337129840544,0.3367486182699646
I-PER,0.18955026333631717,0.21434426229508197,0.27060958314873146
O,0.07187141116195195,-0.022128056237332494,0.029292298421098484
