Entity,Precision Change,Recall Change,F1 Change
B-DATE,0.16238137851954249,0.22672064777327938,0.2025724456975837
B-LOC,0.130474968987923,0.20780079330101364,0.17569046670482658
B-ORG,0.18179134151567022,0.2799208704253215,0.24134743270825448
B-PER,0.26931943776497924,0.33629768312660896,0.30553043834849714
I-DATE,0.5687415507504162,0.40608228980322003,0.460748600596484
I-LOC,0.1087728924749235,0.633362293657689,0.6364189675775781
I-ORG,0.17314738194383317,0.4582309582309582,0.4596824478693672
I-PER,0.49410841709040426,0.6681065514758819,0.6433984396869873
O,0.06631197272428813,-0.011250090726538153,0.029600112991746697
