Entity,Precision Change,Recall Change,F1 Change
B-DATE,0.05122752953790832,0.0010266940451745254,0.02378786968774016
B-LOC,0.09709133321230223,0.032871414759909734,0.062316718917373004
B-ORG,0.15188839817472055,0.2094155844155844,0.19342165431490943
B-PER,0.24729519136957245,0.16512605042016804,0.20637865471218875
I-DATE,0.2945559611215343,0.49260042283298094,0.5081523263917727
I-LOC,0.05716626631020916,0.43467933491686456,0.3443807415882979
I-ORG,0.021329016523991995,0.3947577442414615,0.38168072217329096
I-PER,0.42809911935401496,0.6345707656612529,0.561628863315038
O,0.02799561757203628,-0.004719111623343264,0.012215699965718807
