Entity,Precision Change,Recall Change,F1 Change
B-DATE,0.10281788610289111,0.0,0.048274418244903416
B-LOC,0.07680247497902593,0.04998555330829246,0.062188277758358335
B-ORG,0.19458803862944263,0.28172588832487305,0.25315142533340035
B-PER,0.22776819292210515,0.2436467598475222,0.23807014909067115
I-DATE,0.47143833106027,0.5348360655737705,0.577607325800663
I-LOC,0.1393190495869775,0.5343511450381679,0.4882970645432044
I-ORG,0.045197975719522776,0.39854014598540144,0.372953108381476
I-PER,0.41312399960555374,0.6294326241134752,0.5692238670937667
O,0.03954596388381171,-0.007935056347341596,0.016756338005057603
