Entity,Precision Change,Recall Change,F1 Change
B-DATE,0.07555512777378015,-0.0010183299389001643,0.03263861981363947
B-LOC,0.08802325151045465,0.034836702954898935,0.05985574315522779
B-ORG,0.1317020784912537,0.2129770992366412,0.1869173064692926
B-PER,0.21743270853645225,0.15096481271282636,0.18368385327403947
I-DATE,0.25831755397458595,0.5073068893528184,0.5540491461452247
I-LOC,0.03759311220287698,0.4485981308411215,0.3549761253583799
I-ORG,0.03209225937188964,0.41245136186770426,0.3908387517007621
I-PER,0.3457237065304765,0.6059365404298874,0.521378957457589
O,0.029871988514230563,-0.008499819472860715,0.0113743847216079
