Entity,Precision Change,Recall Change,F1 Change
B-DATE,0.13784760351262382,0.5716140199048031,0.4750392715378523
B-LOC,0.19555421461426425,0.31786030061892134,0.2767770201292861
B-ORG,0.05720289982257254,0.2371482176360225,0.17654311733771955
B-PER,0.20545445345515578,0.3875023109632094,0.3333919935216991
I-DATE,0.5845534165353922,0.42916666666666664,0.48740957753381353
I-LOC,0.19234467105633796,0.5709635416666666,0.5782389670611191
I-ORG,0.24362560639259773,0.40963855421686746,0.4257846060560462
I-PER,0.4681634843500332,0.5473811686345746,0.560358887449318
O,0.08494284360449289,-0.017927664811447253,0.03742198663078711
