Entity,Precision Change,Recall Change,F1 Change
B-DATE,-0.0110248115531702,0.16256335988414192,0.18931081343425005
B-LOC,-0.08476603529694243,0.08696828661110509,0.10689689260292326
B-ORG,0.09885670037972583,0.18611171015742936,0.23109515853339918
B-PER,0.10761556545484485,0.11538461538461538,0.1491063052328404
I-DATE,0.4496717059419321,0.12319790301441677,0.1901772758718825
I-LOC,0.35207978728599953,0.09813733666944677,0.14959638868715422
I-ORG,0.13851652053583363,0.07550910073887186,0.0948096165357603
I-PER,0.19242014629156493,0.038923675748857675,0.06413834360815183
O,0.031325233233583716,-0.024351048989304958,0.007184250875324261
