Entity,Precision Change,Recall Change,F1 Change
B-DATE,-0.33723717371855294,-0.08144856763309746,-0.13741293912869268
B-LOC,-0.18195458736895237,-0.15467068316433208,-0.17969241235532823
B-ORG,-0.4377767946967673,-0.10893037829646103,-0.17459104336379783
B-PER,-0.1095890704781719,-0.036291735264665365,-0.05897908937382229
I-DATE,0.12636893203883495,0.015533980582524271,0.027452890889452488
I-LOC,-0.21906113603566008,0.03278168452315206,0.029781249405137808
I-ORG,-0.2322988169524669,0.021894744837204515,0.019561499887534792
I-PER,-0.07374579353681077,0.11544206734520594,0.14796446444210923
O,-0.015232043074076884,-0.023126652759063226,-0.018797414962699377
