Entity,Precision Change,Recall Change,F1 Change
B-DATE,0.040370034718120285,0.008510638297872353,0.0226524926340006
B-LOC,0.11231621867350572,0.018296973961998586,0.06375357719377672
B-ORG,0.2850386067032519,0.428125,0.41959415732847416
B-PER,0.2141941171641777,0.27555816686251466,0.25646707958426396
I-DATE,0.3424696912105566,0.4678111587982833,0.49577677800882586
I-LOC,0.06893027903107563,0.46532156368221944,0.37753980500372164
I-ORG,0.03878914430097358,0.4305435720448663,0.4420142394323263
I-PER,0.2513839684522099,0.7113702623906706,0.6970370313727157
O,0.033493239566562805,-0.00776371020032085,0.013782152700182682
