{
    "average_accuracy": 0.7361496355062419,
    "average_sentence_accuracy": 0.0963055361643295,
    "classification_report": {
        "B-DATE": {
            "precision": 0.5113605456210522,
            "recall": 0.29736328125,
            "f1-score": 0.3753584862641443,
            "support": 2048.0
        },
        "B-EVENT": {
            "precision": 0.27748376623376625,
            "recall": 0.07333333333333333,
            "f1-score": 0.11488425717942967,
            "support": 600.0
        },
        "B-LOC": {
            "precision": 0.42180367631439614,
            "recall": 0.26281276962899053,
            "f1-score": 0.3223381657141075,
            "support": 5795.0
        },
        "B-ORG": {
            "precision": 0.27102457841461924,
            "recall": 0.14886834555307618,
            "f1-score": 0.1897677438237047,
            "support": 3137.0
        },
        "B-PER": {
            "precision": 0.43740807970528794,
            "recall": 0.30303030303030304,
            "f1-score": 0.357696132240426,
            "support": 4224.0
        },
        "B-PRO": {
            "precision": 0.2310427407607433,
            "recall": 0.16518650088809947,
            "f1-score": 0.19235180912224786,
            "support": 1126.0
        },
        "I-DATE": {
            "precision": 0.639929088439622,
            "recall": 0.2901353965183752,
            "f1-score": 0.3911179871711291,
            "support": 1034.0
        },
        "I-EVENT": {
            "precision": 0.5032760785614928,
            "recall": 0.11533420707732635,
            "f1-score": 0.18304908990928434,
            "support": 763.0
        },
        "I-LOC": {
            "precision": 0.5175569733496562,
            "recall": 0.08445945945945946,
            "f1-score": 0.14195036231388336,
            "support": 592.0
        },
        "I-ORG": {
            "precision": 0.26898113052956596,
            "recall": 0.09318346627991297,
            "f1-score": 0.1363563009506159,
            "support": 2758.0
        },
        "I-PER": {
            "precision": 0.33608817668796126,
            "recall": 0.1780269058295964,
            "f1-score": 0.23209903767431075,
            "support": 2230.0
        },
        "I-PRO": {
            "precision": 0.2318589933341707,
            "recall": 0.16851441241685144,
            "f1-score": 0.1944529391958919,
            "support": 2255.0
        },
        "O": {
            "precision": 0.8025817276182227,
            "recall": 0.9317170756274307,
            "f1-score": 0.8622746200764023,
            "support": 71482.0
        }
    },
    "training_duration_seconds": 50.16551399230957,
    "average_epochs": 200,
    "labels": [
        "B-DATE",
        "B-EVENT",
        "B-LOC",
        "B-ORG",
        "B-PER",
        "B-PRO",
        "I-DATE",
        "I-EVENT",
        "I-LOC",
        "I-ORG",
        "I-PER",
        "I-PRO",
        "O"
    ]
}