{
    "average_accuracy": 0.8338249615485743,
    "average_sentence_accuracy": 0.29589448110574873,
    "classification_report": {
        "B-DATE": {
            "precision": 0.8635037140815964,
            "recall": 0.7262222222222222,
            "f1-score": 0.788662115355342,
            "support": 1125.0
        },
        "B-EVENT": {
            "precision": 0.8000313102058646,
            "recall": 0.4357976653696498,
            "f1-score": 0.5445919283606888,
            "support": 257.0
        },
        "B-LOC": {
            "precision": 0.7416479225163487,
            "recall": 0.5450743494423792,
            "f1-score": 0.6278464216653749,
            "support": 2152.0
        },
        "B-ORG": {
            "precision": 0.7455879268096778,
            "recall": 0.514946418499718,
            "f1-score": 0.6086050688870261,
            "support": 1773.0
        },
        "B-PER": {
            "precision": 0.7939243248626857,
            "recall": 0.6576763485477178,
            "f1-score": 0.719146422612013,
            "support": 2892.0
        },
        "B-PRO": {
            "precision": 0.6826717651606131,
            "recall": 0.4308411214953271,
            "f1-score": 0.527362179028045,
            "support": 1070.0
        },
        "I-DATE": {
            "precision": 0.7921563811222521,
            "recall": 0.8617710583153347,
            "f1-score": 0.8241484984482582,
            "support": 926.0
        },
        "I-EVENT": {
            "precision": 0.7272219882603113,
            "recall": 0.44761904761904764,
            "f1-score": 0.5457098508866068,
            "support": 315.0
        },
        "I-LOC": {
            "precision": 0.46736463668704914,
            "recall": 0.189873417721519,
            "f1-score": 0.2696667829912333,
            "support": 237.0
        },
        "I-ORG": {
            "precision": 0.5130410238545465,
            "recall": 0.41639871382636656,
            "f1-score": 0.4590216518522315,
            "support": 1244.0
        },
        "I-PER": {
            "precision": 0.5881570816633757,
            "recall": 0.6019417475728155,
            "f1-score": 0.5943383916636783,
            "support": 1751.0
        },
        "I-PRO": {
            "precision": 0.6067604664419084,
            "recall": 0.6739811912225705,
            "f1-score": 0.6373800370620284,
            "support": 2233.0
        },
        "O": {
            "precision": 0.8862205906151297,
            "recall": 0.948672514101769,
            "f1-score": 0.9163777364937736,
            "support": 33861.0
        }
    },
    "training_duration_seconds": 23.3314266204834,
    "average_epochs": 200,
    "labels": [
        "B-DATE",
        "B-EVENT",
        "B-LOC",
        "B-ORG",
        "B-PER",
        "B-PRO",
        "I-DATE",
        "I-EVENT",
        "I-LOC",
        "I-ORG",
        "I-PER",
        "I-PRO",
        "O"
    ]
}