{
    "average_accuracy": 0.8259507736450405,
    "average_sentence_accuracy": 0.28608457270429105,
    "classification_report": {
        "B-DATE": {
            "precision": 0.8642067935964295,
            "recall": 0.7396496815286624,
            "f1-score": 0.7970668749298669,
            "support": 1256.0
        },
        "B-EVENT": {
            "precision": 0.7217637600494744,
            "recall": 0.42857142857142855,
            "f1-score": 0.5191274782977616,
            "support": 350.0
        },
        "B-LOC": {
            "precision": 0.7023799508854086,
            "recall": 0.5550206327372765,
            "f1-score": 0.6199858244375008,
            "support": 2908.0
        },
        "B-ORG": {
            "precision": 0.6899651479148646,
            "recall": 0.5577315381476948,
            "f1-score": 0.6157133881214647,
            "support": 2451.0
        },
        "B-PER": {
            "precision": 0.7117319985996812,
            "recall": 0.6817708333333333,
            "f1-score": 0.6957428643945829,
            "support": 3840.0
        },
        "B-PRO": {
            "precision": 0.6346765992510071,
            "recall": 0.4736070381231672,
            "f1-score": 0.5422128986844689,
            "support": 1364.0
        },
        "I-DATE": {
            "precision": 0.832522653044099,
            "recall": 0.8234106962663976,
            "f1-score": 0.827336079391612,
            "support": 991.0
        },
        "I-EVENT": {
            "precision": 0.6150834236186349,
            "recall": 0.38461538461538464,
            "f1-score": 0.47169772733082804,
            "support": 390.0
        },
        "I-LOC": {
            "precision": 0.5141809533550512,
            "recall": 0.22629969418960244,
            "f1-score": 0.3135491391150621,
            "support": 327.0
        },
        "I-ORG": {
            "precision": 0.5261694320620687,
            "recall": 0.45195107746068724,
            "f1-score": 0.4849990253738351,
            "support": 1717.0
        },
        "I-PER": {
            "precision": 0.5386316437509105,
            "recall": 0.5540661304736372,
            "f1-score": 0.5456405944812303,
            "support": 2238.0
        },
        "I-PRO": {
            "precision": 0.6086765651773696,
            "recall": 0.6720392431674842,
            "f1-score": 0.6380698170055971,
            "support": 2854.0
        },
        "O": {
            "precision": 0.8969159700789976,
            "recall": 0.9416644560735042,
            "f1-score": 0.9187349599970245,
            "support": 41467.0
        }
    },
    "training_duration_seconds": 28.00588822364807,
    "average_epochs": 200,
    "labels": [
        "B-DATE",
        "B-EVENT",
        "B-LOC",
        "B-ORG",
        "B-PER",
        "B-PRO",
        "I-DATE",
        "I-EVENT",
        "I-LOC",
        "I-ORG",
        "I-PER",
        "I-PRO",
        "O"
    ]
}