{
    "average_accuracy": 0.7409541621846744,
    "average_sentence_accuracy": 0.02689900084266281,
    "classification_report": {
        "B-DATE": {
            "precision": 0.710565038278238,
            "recall": 0.6030035912504081,
            "f1-score": 0.6523505333758004,
            "support": 6126.0
        },
        "B-EVENT": {
            "precision": 0.07686437511558188,
            "recall": 0.02650602409638554,
            "f1-score": 0.03913213773967635,
            "support": 1245.0
        },
        "B-LOC": {
            "precision": 0.20086046164025326,
            "recall": 0.0885917258671124,
            "f1-score": 0.12289326197659235,
            "support": 11965.0
        },
        "B-ORG": {
            "precision": 0.20439300528872378,
            "recall": 0.06636580833554552,
            "f1-score": 0.1000042722732716,
            "support": 7534.0
        },
        "B-PER": {
            "precision": 0.3515284519390548,
            "recall": 0.18553571428571428,
            "f1-score": 0.2417836114959184,
            "support": 11200.0
        },
        "B-PRO": {
            "precision": 0.31876213692446964,
            "recall": 0.12077617932418869,
            "f1-score": 0.17272825062410005,
            "support": 2989.0
        },
        "I-DATE": {
            "precision": 0.6548913240820626,
            "recall": 0.6101999550662772,
            "f1-score": 0.6312690045650222,
            "support": 4451.0
        },
        "I-EVENT": {
            "precision": 0.09012286961686221,
            "recall": 0.04805914972273567,
            "f1-score": 0.05678585863057224,
            "support": 1623.0
        },
        "I-LOC": {
            "precision": 0.060763236362725195,
            "recall": 0.0199203187250996,
            "f1-score": 0.03000420677538294,
            "support": 1255.0
        },
        "I-ORG": {
            "precision": 0.14675826503216724,
            "recall": 0.06148195464707761,
            "f1-score": 0.08661399535164134,
            "support": 6262.0
        },
        "I-PER": {
            "precision": 0.2381122200403045,
            "recall": 0.08252911813643926,
            "f1-score": 0.12175221828556318,
            "support": 6010.0
        },
        "I-PRO": {
            "precision": 0.46592164661658475,
            "recall": 0.5175523796309144,
            "f1-score": 0.4896841829721655,
            "support": 7207.0
        },
        "O": {
            "precision": 0.8096950331823142,
            "recall": 0.9447395401912684,
            "f1-score": 0.871959369110533,
            "support": 172637.0
        }
    },
    "training_duration_seconds": 112.2895770072937,
    "average_epochs": 200,
    "labels": [
        "B-DATE",
        "B-EVENT",
        "B-LOC",
        "B-ORG",
        "B-PER",
        "B-PRO",
        "I-DATE",
        "I-EVENT",
        "I-LOC",
        "I-ORG",
        "I-PER",
        "I-PRO",
        "O"
    ]
}