{
    "average_accuracy": 0.8345797170852953,
    "average_sentence_accuracy": 0.18188822132484103,
    "classification_report": {
        "B-DATE": {
            "precision": 0.8684578733003819,
            "recall": 0.8314688715953308,
            "f1-score": 0.8493092652570458,
            "support": 4112.0
        },
        "B-EVENT": {
            "precision": 0.6388306163234099,
            "recall": 0.30982905982905984,
            "f1-score": 0.4107896446886881,
            "support": 936.0
        },
        "B-LOC": {
            "precision": 0.657796973144104,
            "recall": 0.5923126064735945,
            "f1-score": 0.6231423406340373,
            "support": 9392.0
        },
        "B-ORG": {
            "precision": 0.5711168190142415,
            "recall": 0.46808510638297873,
            "f1-score": 0.5144588570521118,
            "support": 5452.0
        },
        "B-PER": {
            "precision": 0.6827477305238092,
            "recall": 0.6248888888888889,
            "f1-score": 0.6516234393362503,
            "support": 7875.0
        },
        "B-PRO": {
            "precision": 0.5363135268531012,
            "recall": 0.3659147869674185,
            "f1-score": 0.43452469949194644,
            "support": 1995.0
        },
        "I-DATE": {
            "precision": 0.8339984788422404,
            "recall": 0.8487486398258978,
            "f1-score": 0.8412472939233784,
            "support": 2757.0
        },
        "I-EVENT": {
            "precision": 0.6381303779925515,
            "recall": 0.3777038269550749,
            "f1-score": 0.4729527578985049,
            "support": 1202.0
        },
        "I-LOC": {
            "precision": 0.725840786849414,
            "recall": 0.26816786079836236,
            "f1-score": 0.38884983224282077,
            "support": 977.0
        },
        "I-ORG": {
            "precision": 0.45315071808755514,
            "recall": 0.35764109067850347,
            "f1-score": 0.39806062408081966,
            "support": 4731.0
        },
        "I-PER": {
            "precision": 0.5173445301687554,
            "recall": 0.4042950513538749,
            "f1-score": 0.45202445743593384,
            "support": 4284.0
        },
        "I-PRO": {
            "precision": 0.44621494490157504,
            "recall": 0.40400263910270506,
            "f1-score": 0.4220045603538884,
            "support": 4547.0
        },
        "O": {
            "precision": 0.8996359283168819,
            "recall": 0.9508848104206554,
            "f1-score": 0.9245427716876071,
            "support": 124829.0
        }
    },
    "training_duration_seconds": 81.36931848526001,
    "average_epochs": 200,
    "labels": [
        "B-DATE",
        "B-EVENT",
        "B-LOC",
        "B-ORG",
        "B-PER",
        "B-PRO",
        "I-DATE",
        "I-EVENT",
        "I-LOC",
        "I-ORG",
        "I-PER",
        "I-PRO",
        "O"
    ]
}