{
    "average_accuracy": 0.8733471782772059,
    "average_sentence_accuracy": 0.33390897052868884,
    "classification_report": {
        "B-DATE": {
            "precision": 0.8774371487132163,
            "recall": 0.7537239324726912,
            "f1-score": 0.8107639855565155,
            "support": 1007.0
        },
        "B-EVENT": {
            "precision": 0.8097476597476597,
            "recall": 0.3974358974358974,
            "f1-score": 0.5264263385855908,
            "support": 156.0
        },
        "B-LOC": {
            "precision": 0.8596941778788445,
            "recall": 0.5487616099071208,
            "f1-score": 0.6697815191571919,
            "support": 1292.0
        },
        "B-ORG": {
            "precision": 0.8683889168202893,
            "recall": 0.5071225071225072,
            "f1-score": 0.6395065512261754,
            "support": 1053.0
        },
        "B-PER": {
            "precision": 0.8750540740820348,
            "recall": 0.673469387755102,
            "f1-score": 0.7608285880396027,
            "support": 1666.0
        },
        "B-PRO": {
            "precision": 0.6921753817414551,
            "recall": 0.5296803652968036,
            "f1-score": 0.5999049255640097,
            "support": 657.0
        },
        "I-DATE": {
            "precision": 0.8708229118112788,
            "recall": 0.8596491228070176,
            "f1-score": 0.8645951918932511,
            "support": 855.0
        },
        "I-EVENT": {
            "precision": 0.7429906542056075,
            "recall": 0.4205607476635514,
            "f1-score": 0.5313084479313609,
            "support": 214.0
        },
        "I-LOC": {
            "precision": 0.6280821917808218,
            "recall": 0.17123287671232876,
            "f1-score": 0.2670845909759307,
            "support": 146.0
        },
        "I-ORG": {
            "precision": 0.6458967637076771,
            "recall": 0.4247448979591837,
            "f1-score": 0.5106652995044694,
            "support": 784.0
        },
        "I-PER": {
            "precision": 0.732815198596562,
            "recall": 0.6461187214611872,
            "f1-score": 0.685156911311697,
            "support": 876.0
        },
        "I-PRO": {
            "precision": 0.6756732502441517,
            "recall": 0.7911227154046997,
            "f1-score": 0.727517420251474,
            "support": 1532.0
        },
        "O": {
            "precision": 0.8993655186597779,
            "recall": 0.9664572625166572,
            "f1-score": 0.9316943186510928,
            "support": 26265.0
        }
    },
    "training_duration_seconds": 16.64469575881958,
    "average_epochs": 200,
    "labels": [
        "B-DATE",
        "B-EVENT",
        "B-LOC",
        "B-ORG",
        "B-PER",
        "B-PRO",
        "I-DATE",
        "I-EVENT",
        "I-LOC",
        "I-ORG",
        "I-PER",
        "I-PRO",
        "O"
    ]
}