{
    "average_accuracy": 0.8316143596350534,
    "average_sentence_accuracy": 0.2959070663296015,
    "classification_report": {
        "B-DATE": {
            "precision": 0.8780989662566486,
            "recall": 0.7564637197664721,
            "f1-score": 0.8126969007722877,
            "support": 1199.0
        },
        "B-EVENT": {
            "precision": 0.7674234354823423,
            "recall": 0.46534653465346537,
            "f1-score": 0.5655614806256127,
            "support": 303.0
        },
        "B-LOC": {
            "precision": 0.7139987391418504,
            "recall": 0.5422621478154349,
            "f1-score": 0.6161179808789552,
            "support": 2449.0
        },
        "B-ORG": {
            "precision": 0.7354400065440969,
            "recall": 0.5275251316419339,
            "f1-score": 0.6122675459326262,
            "support": 2089.0
        },
        "B-PER": {
            "precision": 0.7448227192882548,
            "recall": 0.7085663821018546,
            "f1-score": 0.7259934172726676,
            "support": 3397.0
        },
        "B-PRO": {
            "precision": 0.6437363426556988,
            "recall": 0.451586655817738,
            "f1-score": 0.5302826460289023,
            "support": 1229.0
        },
        "I-DATE": {
            "precision": 0.8260639336579817,
            "recall": 0.8801261829652997,
            "f1-score": 0.851263201205395,
            "support": 951.0
        },
        "I-EVENT": {
            "precision": 0.6389168569675914,
            "recall": 0.4228571428571429,
            "f1-score": 0.5025301446082299,
            "support": 350.0
        },
        "I-LOC": {
            "precision": 0.4937029396237948,
            "recall": 0.21481481481481482,
            "f1-score": 0.2952967151675485,
            "support": 270.0
        },
        "I-ORG": {
            "precision": 0.5941693405935528,
            "recall": 0.4026243093922652,
            "f1-score": 0.4782784668026996,
            "support": 1448.0
        },
        "I-PER": {
            "precision": 0.5738649144141075,
            "recall": 0.5883851248089659,
            "f1-score": 0.5808289479176345,
            "support": 1963.0
        },
        "I-PRO": {
            "precision": 0.6090281169364156,
            "recall": 0.6669316375198728,
            "f1-score": 0.6361883888694394,
            "support": 2516.0
        },
        "O": {
            "precision": 0.8895980740816759,
            "recall": 0.9458038641844837,
            "f1-score": 0.916807970853022,
            "support": 36903.0
        }
    },
    "training_duration_seconds": 25.43156862258911,
    "average_epochs": 200,
    "labels": [
        "B-DATE",
        "B-EVENT",
        "B-LOC",
        "B-ORG",
        "B-PER",
        "B-PRO",
        "I-DATE",
        "I-EVENT",
        "I-LOC",
        "I-ORG",
        "I-PER",
        "I-PRO",
        "O"
    ]
}