{
    "average_accuracy": 0.8048534345676023,
    "average_sentence_accuracy": 0.1904368714227869,
    "classification_report": {
        "B-DATE": {
            "precision": 0.8739159938276697,
            "recall": 0.8509680324178298,
            "f1-score": 0.8622250595456283,
            "support": 2221.0
        },
        "B-EVENT": {
            "precision": 0.5367804104227266,
            "recall": 0.3710691823899371,
            "f1-score": 0.4253750241565713,
            "support": 636.0
        },
        "B-LOC": {
            "precision": 0.5454156728996261,
            "recall": 0.5117776959882223,
            "f1-score": 0.5269775454502771,
            "support": 5434.0
        },
        "B-ORG": {
            "precision": 0.5048168889824832,
            "recall": 0.42343415098833054,
            "f1-score": 0.46053110020234733,
            "support": 4199.0
        },
        "B-PER": {
            "precision": 0.5911325615178983,
            "recall": 0.5633208255159474,
            "f1-score": 0.5756697261823488,
            "support": 6396.0
        },
        "B-PRO": {
            "precision": 0.4719735033156982,
            "recall": 0.3517513566847558,
            "f1-score": 0.40163233056227216,
            "support": 2027.0
        },
        "I-DATE": {
            "precision": 0.8769004682099223,
            "recall": 0.9187922956793336,
            "f1-score": 0.8971523985308909,
            "support": 1921.0
        },
        "I-EVENT": {
            "precision": 0.5238562746673728,
            "recall": 0.33249370277078083,
            "f1-score": 0.3944576380563034,
            "support": 794.0
        },
        "I-LOC": {
            "precision": 0.3415175941157317,
            "recall": 0.19120135363790186,
            "f1-score": 0.24383652088296523,
            "support": 591.0
        },
        "I-ORG": {
            "precision": 0.4156181982950083,
            "recall": 0.3676233473073202,
            "f1-score": 0.3894685296357764,
            "support": 3101.0
        },
        "I-PER": {
            "precision": 0.4858804076532245,
            "recall": 0.4411597498578738,
            "f1-score": 0.4623616528276557,
            "support": 3518.0
        },
        "I-PRO": {
            "precision": 0.5614304460817985,
            "recall": 0.6069573074316693,
            "f1-score": 0.5806196319307303,
            "support": 4427.0
        },
        "O": {
            "precision": 0.9030025467099159,
            "recall": 0.9348143663714252,
            "f1-score": 0.9186041161109959,
            "support": 75983.0
        }
    },
    "training_duration_seconds": 49.99564290046692,
    "average_epochs": 200,
    "labels": [
        "B-DATE",
        "B-EVENT",
        "B-LOC",
        "B-ORG",
        "B-PER",
        "B-PRO",
        "I-DATE",
        "I-EVENT",
        "I-LOC",
        "I-ORG",
        "I-PER",
        "I-PRO",
        "O"
    ]
}