{
    "average_accuracy": 0.7778631050198851,
    "average_sentence_accuracy": 0.07130568961554877,
    "classification_report": {
        "B-DATE": {
            "precision": 0.8199021480407437,
            "recall": 0.7530767728071889,
            "f1-score": 0.7848946514546069,
            "support": 5119.0
        },
        "B-EVENT": {
            "precision": 0.3984155683483593,
            "recall": 0.21028466483011937,
            "f1-score": 0.27043710079772987,
            "support": 1089.0
        },
        "B-LOC": {
            "precision": 0.4852058153935624,
            "recall": 0.29897873137824416,
            "f1-score": 0.36771370126034153,
            "support": 10673.0
        },
        "B-ORG": {
            "precision": 0.39328904227427647,
            "recall": 0.24224656688782595,
            "f1-score": 0.29904886795312585,
            "support": 6481.0
        },
        "B-PER": {
            "precision": 0.5365801859054535,
            "recall": 0.39794419970631423,
            "f1-score": 0.4556932188476873,
            "support": 9534.0
        },
        "B-PRO": {
            "precision": 0.4475646624804755,
            "recall": 0.3014579759862779,
            "f1-score": 0.3587637095455287,
            "support": 2332.0
        },
        "I-DATE": {
            "precision": 0.7680041691000425,
            "recall": 0.8206340378197998,
            "f1-score": 0.7932900899328658,
            "support": 3596.0
        },
        "I-EVENT": {
            "precision": 0.5240050625269473,
            "recall": 0.2640170333569908,
            "f1-score": 0.3477885094293181,
            "support": 1409.0
        },
        "I-LOC": {
            "precision": 0.4473257071857456,
            "recall": 0.1073038773669973,
            "f1-score": 0.15652535946206939,
            "support": 1109.0
        },
        "I-ORG": {
            "precision": 0.2685269425680789,
            "recall": 0.19678714859437751,
            "f1-score": 0.22567869979740715,
            "support": 5478.0
        },
        "I-PER": {
            "precision": 0.37303664961816063,
            "recall": 0.22808726139462407,
            "f1-score": 0.28150882502320673,
            "support": 5134.0
        },
        "I-PRO": {
            "precision": 0.35114737811570396,
            "recall": 0.3659911894273128,
            "f1-score": 0.3551670552355773,
            "support": 5675.0
        },
        "O": {
            "precision": 0.8540511896619707,
            "recall": 0.940125160549832,
            "f1-score": 0.8949797170577908,
            "support": 146372.0
        }
    },
    "training_duration_seconds": 94.57489776611328,
    "average_epochs": 200,
    "labels": [
        "B-DATE",
        "B-EVENT",
        "B-LOC",
        "B-ORG",
        "B-PER",
        "B-PRO",
        "I-DATE",
        "I-EVENT",
        "I-LOC",
        "I-ORG",
        "I-PER",
        "I-PRO",
        "O"
    ]
}