{
    "average_accuracy": 0.736198970537984,
    "average_sentence_accuracy": 0.0667161789471546,
    "classification_report": {
        "B-DATE": {
            "precision": 0.7261191093822172,
            "recall": 0.46532200990799716,
            "f1-score": 0.5666634622708888,
            "support": 2826.0
        },
        "B-EVENT": {
            "precision": 0.3821034854435243,
            "recall": 0.08543417366946779,
            "f1-score": 0.1384897668952048,
            "support": 714.0
        },
        "B-LOC": {
            "precision": 0.36243492409183387,
            "recall": 0.23991323210412147,
            "f1-score": 0.2868087188972653,
            "support": 6915.0
        },
        "B-ORG": {
            "precision": 0.28971027389458626,
            "recall": 0.13942428035043805,
            "f1-score": 0.18339379616534612,
            "support": 3995.0
        },
        "B-PER": {
            "precision": 0.42531009552161164,
            "recall": 0.2984321499369256,
            "f1-score": 0.3507023087716105,
            "support": 5549.0
        },
        "B-PRO": {
            "precision": 0.27803166644450683,
            "recall": 0.1451036454610436,
            "f1-score": 0.1897656739041427,
            "support": 1399.0
        },
        "I-DATE": {
            "precision": 0.7161646981060691,
            "recall": 0.5186033199771036,
            "f1-score": 0.6000605516283186,
            "support": 1747.0
        },
        "I-EVENT": {
            "precision": 0.46947824599418375,
            "recall": 0.13001083423618634,
            "f1-score": 0.20318905906701631,
            "support": 923.0
        },
        "I-LOC": {
            "precision": 0.33713625414440884,
            "recall": 0.08502024291497975,
            "f1-score": 0.13530801519710153,
            "support": 741.0
        },
        "I-ORG": {
            "precision": 0.23763487259456767,
            "recall": 0.10230722525804493,
            "f1-score": 0.14242021911677957,
            "support": 3294.0
        },
        "I-PER": {
            "precision": 0.33768715394316384,
            "recall": 0.18156326673676831,
            "f1-score": 0.23560330075032065,
            "support": 2853.0
        },
        "I-PRO": {
            "precision": 0.28019952076396315,
            "recall": 0.1650782845473111,
            "f1-score": 0.20028559193783577,
            "support": 2938.0
        },
        "O": {
            "precision": 0.8035796550707104,
            "recall": 0.9318431911966988,
            "f1-score": 0.8629621774640952,
            "support": 87240.0
        }
    },
    "training_duration_seconds": 58.36745071411133,
    "average_epochs": 200,
    "labels": [
        "B-DATE",
        "B-EVENT",
        "B-LOC",
        "B-ORG",
        "B-PER",
        "B-PRO",
        "I-DATE",
        "I-EVENT",
        "I-LOC",
        "I-ORG",
        "I-PER",
        "I-PRO",
        "O"
    ]
}