{
    "accuracy": 0.7888303477344574,
    "classification_report": {
        "B-DATE": {
            "precision": 0.0,
            "recall": 0.0,
            "f1-score": 0.0,
            "support": 94
        },
        "B-EVENT": {
            "precision": 0.0,
            "recall": 0.0,
            "f1-score": 0.0,
            "support": 14
        },
        "B-LOC": {
            "precision": 0.0,
            "recall": 0.0,
            "f1-score": 0.0,
            "support": 125
        },
        "B-ORG": {
            "precision": 0.0,
            "recall": 0.0,
            "f1-score": 0.0,
            "support": 118
        },
        "B-PER": {
            "precision": 0.0,
            "recall": 0.0,
            "f1-score": 0.0,
            "support": 151
        },
        "B-PRO": {
            "precision": 0.0,
            "recall": 0.0,
            "f1-score": 0.0,
            "support": 61
        },
        "I-DATE": {
            "precision": 0.0,
            "recall": 0.0,
            "f1-score": 0.0,
            "support": 75
        },
        "I-EVENT": {
            "precision": 0.0,
            "recall": 0.0,
            "f1-score": 0.0,
            "support": 25
        },
        "I-LOC": {
            "precision": 0.0,
            "recall": 0.0,
            "f1-score": 0.0,
            "support": 5
        },
        "I-ORG": {
            "precision": 0.0,
            "recall": 0.0,
            "f1-score": 0.0,
            "support": 104
        },
        "I-PER": {
            "precision": 1.0,
            "recall": 0.011627906976744186,
            "f1-score": 0.022988505747126436,
            "support": 86
        },
        "I-PRO": {
            "precision": 0.2,
            "recall": 0.006944444444444444,
            "f1-score": 0.013422818791946308,
            "support": 144
        },
        "O": {
            "precision": 0.789407047900401,
            "recall": 0.9994656692492653,
            "f1-score": 0.8821032775288847,
            "support": 3743
        },
        "accuracy": 0.7888303477344574,
        "macro avg": {
            "precision": 0.15303131137695392,
            "recall": 0.0783106169746503,
            "f1-score": 0.07065496938984288,
            "support": 4745
        },
        "weighted avg": {
            "precision": 0.646902124402782,
            "recall": 0.7888303477344574,
            "f1-score": 0.6966538388178943,
            "support": 4745
        }
    },
    "confusion_matrix": [
        [
            0,
            0,
            0,
            0,
            0,
            0,
            0,
            0,
            0,
            0,
            0,
            0,
            94
        ],
        [
            0,
            0,
            0,
            0,
            0,
            0,
            0,
            0,
            0,
            0,
            0,
            0,
            14
        ],
        [
            0,
            0,
            0,
            0,
            0,
            0,
            0,
            0,
            0,
            0,
            0,
            0,
            125
        ],
        [
            0,
            0,
            0,
            0,
            0,
            0,
            0,
            0,
            0,
            0,
            0,
            1,
            117
        ],
        [
            0,
            0,
            0,
            0,
            0,
            0,
            0,
            0,
            0,
            0,
            0,
            0,
            151
        ],
        [
            0,
            0,
            0,
            0,
            0,
            0,
            0,
            0,
            0,
            0,
            0,
            0,
            61
        ],
        [
            0,
            0,
            0,
            0,
            0,
            0,
            0,
            0,
            0,
            0,
            0,
            0,
            75
        ],
        [
            0,
            0,
            0,
            0,
            0,
            0,
            0,
            0,
            0,
            0,
            0,
            0,
            25
        ],
        [
            0,
            0,
            0,
            0,
            0,
            0,
            0,
            0,
            0,
            0,
            0,
            0,
            5
        ],
        [
            0,
            0,
            0,
            0,
            0,
            0,
            0,
            0,
            0,
            0,
            0,
            0,
            104
        ],
        [
            0,
            0,
            0,
            0,
            0,
            0,
            0,
            0,
            0,
            0,
            1,
            1,
            84
        ],
        [
            0,
            0,
            0,
            0,
            0,
            0,
            0,
            0,
            0,
            0,
            0,
            1,
            143
        ],
        [
            0,
            0,
            0,
            0,
            0,
            0,
            0,
            0,
            0,
            0,
            0,
            2,
            3741
        ]
    ],
    "labels": [
        "B-DATE",
        "B-EVENT",
        "B-LOC",
        "B-ORG",
        "B-PER",
        "B-PRO",
        "I-DATE",
        "I-EVENT",
        "I-LOC",
        "I-ORG",
        "I-PER",
        "I-PRO",
        "O"
    ]
}