{
    "accuracy": 0.808640674394099,
    "classification_report": {
        "B-DATE": {
            "precision": 0.7692307692307693,
            "recall": 0.3191489361702128,
            "f1-score": 0.4511278195488722,
            "support": 94
        },
        "B-EVENT": {
            "precision": 0.0,
            "recall": 0.0,
            "f1-score": 0.0,
            "support": 14
        },
        "B-LOC": {
            "precision": 0.0,
            "recall": 0.0,
            "f1-score": 0.0,
            "support": 125
        },
        "B-ORG": {
            "precision": 0.0,
            "recall": 0.0,
            "f1-score": 0.0,
            "support": 118
        },
        "B-PER": {
            "precision": 0.0,
            "recall": 0.0,
            "f1-score": 0.0,
            "support": 151
        },
        "B-PRO": {
            "precision": 0.0,
            "recall": 0.0,
            "f1-score": 0.0,
            "support": 61
        },
        "I-DATE": {
            "precision": 0.8192771084337349,
            "recall": 0.9066666666666666,
            "f1-score": 0.8607594936708859,
            "support": 75
        },
        "I-EVENT": {
            "precision": 0.0,
            "recall": 0.0,
            "f1-score": 0.0,
            "support": 25
        },
        "I-LOC": {
            "precision": 0.0,
            "recall": 0.0,
            "f1-score": 0.0,
            "support": 5
        },
        "I-ORG": {
            "precision": 0.6,
            "recall": 0.028846153846153848,
            "f1-score": 0.05504587155963303,
            "support": 104
        },
        "I-PER": {
            "precision": 0.0,
            "recall": 0.0,
            "f1-score": 0.0,
            "support": 86
        },
        "I-PRO": {
            "precision": 0.42857142857142855,
            "recall": 0.020833333333333332,
            "f1-score": 0.039735099337748346,
            "support": 144
        },
        "O": {
            "precision": 0.8095857731511603,
            "recall": 0.9973283462463265,
            "f1-score": 0.8937036150347138,
            "support": 3743
        },
        "accuracy": 0.808640674394099,
        "macro avg": {
            "precision": 0.2635896214913148,
            "recall": 0.17483257202020713,
            "f1-score": 0.1769516845501426,
            "support": 4745
        },
        "weighted avg": {
            "precision": 0.6929709820989044,
            "recall": 0.808640674394099,
            "f1-score": 0.7299351386901333,
            "support": 4745
        }
    },
    "confusion_matrix": [
        [
            30,
            0,
            0,
            0,
            0,
            0,
            13,
            0,
            0,
            0,
            0,
            0,
            51
        ],
        [
            0,
            0,
            0,
            0,
            0,
            0,
            0,
            0,
            0,
            0,
            0,
            0,
            14
        ],
        [
            0,
            0,
            0,
            0,
            0,
            0,
            0,
            0,
            0,
            0,
            0,
            0,
            125
        ],
        [
            0,
            0,
            0,
            0,
            0,
            0,
            0,
            0,
            0,
            0,
            0,
            0,
            118
        ],
        [
            0,
            0,
            0,
            0,
            0,
            0,
            0,
            0,
            0,
            0,
            0,
            0,
            151
        ],
        [
            0,
            0,
            0,
            0,
            0,
            0,
            0,
            0,
            0,
            0,
            0,
            0,
            61
        ],
        [
            0,
            0,
            0,
            0,
            0,
            0,
            68,
            0,
            0,
            0,
            0,
            0,
            7
        ],
        [
            0,
            0,
            0,
            0,
            0,
            0,
            2,
            0,
            0,
            0,
            0,
            0,
            23
        ],
        [
            0,
            0,
            0,
            0,
            0,
            0,
            0,
            0,
            0,
            0,
            0,
            0,
            5
        ],
        [
            0,
            0,
            0,
            0,
            0,
            0,
            0,
            0,
            0,
            3,
            0,
            1,
            100
        ],
        [
            0,
            0,
            0,
            0,
            0,
            0,
            0,
            0,
            0,
            0,
            0,
            2,
            84
        ],
        [
            0,
            0,
            0,
            0,
            0,
            0,
            0,
            0,
            0,
            2,
            0,
            3,
            139
        ],
        [
            9,
            0,
            0,
            0,
            0,
            0,
            0,
            0,
            0,
            0,
            0,
            1,
            3733
        ]
    ],
    "labels": [
        "B-DATE",
        "B-EVENT",
        "B-LOC",
        "B-ORG",
        "B-PER",
        "B-PRO",
        "I-DATE",
        "I-EVENT",
        "I-LOC",
        "I-ORG",
        "I-PER",
        "I-PRO",
        "O"
    ]
}