{
    "accuracy": 0.7961339896746308,
    "classification_report": {
        "B-DATE": {
            "precision": 0.7128712871287128,
            "recall": 0.6371681415929203,
            "f1-score": 0.6728971962616822,
            "support": 113.0
        },
        "B-EVENT": {
            "precision": 0.5,
            "recall": 0.08333333333333333,
            "f1-score": 0.14285714285714285,
            "support": 36.0
        },
        "B-LOC": {
            "precision": 0.4966442953020134,
            "recall": 0.2560553633217993,
            "f1-score": 0.3378995433789954,
            "support": 289.0
        },
        "B-ORG": {
            "precision": 0.5148514851485149,
            "recall": 0.20883534136546184,
            "f1-score": 0.29714285714285715,
            "support": 249.0
        },
        "B-PER": {
            "precision": 0.411371237458194,
            "recall": 0.38080495356037153,
            "f1-score": 0.3954983922829582,
            "support": 323.0
        },
        "B-PRO": {
            "precision": 0.5384615384615384,
            "recall": 0.040229885057471264,
            "f1-score": 0.0748663101604278,
            "support": 174.0
        },
        "I-DATE": {
            "precision": 0.7142857142857143,
            "recall": 0.7738095238095238,
            "f1-score": 0.7428571428571429,
            "support": 84.0
        },
        "I-EVENT": {
            "precision": 0.42857142857142855,
            "recall": 0.06666666666666667,
            "f1-score": 0.11538461538461539,
            "support": 45.0
        },
        "I-LOC": {
            "precision": 0.0,
            "recall": 0.0,
            "f1-score": 0.0,
            "support": 11.0
        },
        "I-ORG": {
            "precision": 0.5,
            "recall": 0.030837004405286344,
            "f1-score": 0.058091286307053944,
            "support": 227.0
        },
        "I-PER": {
            "precision": 0.6,
            "recall": 0.15306122448979592,
            "f1-score": 0.24390243902439024,
            "support": 196.0
        },
        "I-PRO": {
            "precision": 0.3958333333333333,
            "recall": 0.11838006230529595,
            "f1-score": 0.18225419664268586,
            "support": 321.0
        },
        "O": {
            "precision": 0.8319146061343061,
            "recall": 0.9833892349464942,
            "f1-score": 0.9013321622017274,
            "support": 6261.0
        },
        "accuracy": 0.7961339896746308,
        "macro avg": {
            "precision": 0.5111388404479811,
            "recall": 0.2871208257580323,
            "f1-score": 0.3203833295770523,
            "support": 8329.0
        },
        "weighted avg": {
            "precision": 0.7495393753480268,
            "recall": 0.7961339896746308,
            "f1-score": 0.7472592953368887,
            "support": 8329.0
        }
    },
    "confusion_matrix": [
        [
            72,
            0,
            0,
            1,
            0,
            0,
            18,
            0,
            0,
            0,
            0,
            0,
            22
        ],
        [
            0,
            3,
            4,
            0,
            4,
            2,
            0,
            0,
            0,
            0,
            0,
            2,
            21
        ],
        [
            0,
            0,
            74,
            14,
            22,
            0,
            0,
            0,
            0,
            0,
            1,
            5,
            173
        ],
        [
            0,
            0,
            25,
            52,
            11,
            1,
            0,
            1,
            0,
            2,
            2,
            10,
            145
        ],
        [
            0,
            0,
            8,
            2,
            123,
            0,
            0,
            0,
            0,
            1,
            8,
            6,
            175
        ],
        [
            0,
            2,
            1,
            8,
            9,
            7,
            0,
            1,
            0,
            0,
            0,
            6,
            140
        ],
        [
            9,
            0,
            0,
            0,
            0,
            0,
            65,
            0,
            0,
            0,
            0,
            0,
            10
        ],
        [
            0,
            0,
            2,
            0,
            0,
            0,
            2,
            3,
            0,
            0,
            0,
            4,
            34
        ],
        [
            0,
            0,
            1,
            0,
            2,
            0,
            0,
            0,
            0,
            0,
            0,
            0,
            8
        ],
        [
            0,
            1,
            3,
            6,
            12,
            0,
            0,
            0,
            0,
            7,
            1,
            16,
            181
        ],
        [
            0,
            0,
            9,
            3,
            56,
            0,
            0,
            0,
            0,
            2,
            30,
            3,
            93
        ],
        [
            1,
            0,
            4,
            10,
            16,
            1,
            0,
            2,
            0,
            1,
            6,
            38,
            242
        ],
        [
            19,
            0,
            18,
            5,
            44,
            2,
            6,
            0,
            1,
            1,
            2,
            6,
            6157
        ]
    ],
    "labels": [
        "B-DATE",
        "B-EVENT",
        "B-LOC",
        "B-ORG",
        "B-PER",
        "B-PRO",
        "I-DATE",
        "I-EVENT",
        "I-LOC",
        "I-ORG",
        "I-PER",
        "I-PRO",
        "O"
    ],
    "training_duration_seconds": 12.556344270706177,
    "epochs": 45
}