{
    "accuracy": 0.773126755458911,
    "classification_report": {
        "B-DATE": {
            "precision": 0.6356589147286822,
            "recall": 0.5655172413793104,
            "f1-score": 0.5985401459854015,
            "support": 145.0
        },
        "B-EVENT": {
            "precision": 0.0,
            "recall": 0.0,
            "f1-score": 0.0,
            "support": 42.0
        },
        "B-LOC": {
            "precision": 0.47413793103448276,
            "recall": 0.13784461152882205,
            "f1-score": 0.21359223300970873,
            "support": 399.0
        },
        "B-ORG": {
            "precision": 0.46153846153846156,
            "recall": 0.10027855153203342,
            "f1-score": 0.16475972540045766,
            "support": 359.0
        },
        "B-PER": {
            "precision": 0.3018292682926829,
            "recall": 0.23185011709601874,
            "f1-score": 0.26225165562913905,
            "support": 427.0
        },
        "B-PRO": {
            "precision": 0.0,
            "recall": 0.0,
            "f1-score": 0.0,
            "support": 209.0
        },
        "I-DATE": {
            "precision": 0.6476190476190476,
            "recall": 0.7555555555555555,
            "f1-score": 0.6974358974358974,
            "support": 90.0
        },
        "I-EVENT": {
            "precision": 0.3333333333333333,
            "recall": 0.03571428571428571,
            "f1-score": 0.06451612903225806,
            "support": 56.0
        },
        "I-LOC": {
            "precision": 0.0,
            "recall": 0.0,
            "f1-score": 0.0,
            "support": 15.0
        },
        "I-ORG": {
            "precision": 0.08,
            "recall": 0.006269592476489028,
            "f1-score": 0.011627906976744186,
            "support": 319.0
        },
        "I-PER": {
            "precision": 0.11538461538461539,
            "recall": 0.011538461538461539,
            "f1-score": 0.02097902097902098,
            "support": 260.0
        },
        "I-PRO": {
            "precision": 0.2558139534883721,
            "recall": 0.054187192118226604,
            "f1-score": 0.08943089430894309,
            "support": 406.0
        },
        "O": {
            "precision": 0.8056048944148412,
            "recall": 0.9824308062575211,
            "f1-score": 0.8852743439600954,
            "support": 8310.0
        },
        "accuracy": 0.773126755458911,
        "macro avg": {
            "precision": 0.3162246476795784,
            "recall": 0.22162972424590185,
            "f1-score": 0.23141599636289736,
            "support": 11037.0
        },
        "weighted avg": {
            "precision": 0.6801517170451835,
            "recall": 0.773126755458911,
            "f1-score": 0.7077671961297592,
            "support": 11037.0
        }
    },
    "confusion_matrix": [
        [
            82,
            0,
            0,
            0,
            2,
            0,
            20,
            0,
            0,
            0,
            0,
            0,
            41
        ],
        [
            0,
            0,
            2,
            0,
            5,
            0,
            0,
            0,
            0,
            0,
            0,
            0,
            35
        ],
        [
            0,
            0,
            55,
            3,
            20,
            0,
            0,
            0,
            0,
            1,
            3,
            10,
            307
        ],
        [
            0,
            0,
            13,
            36,
            21,
            1,
            0,
            0,
            0,
            5,
            4,
            5,
            274
        ],
        [
            0,
            0,
            10,
            5,
            99,
            0,
            0,
            0,
            0,
            2,
            4,
            12,
            295
        ],
        [
            2,
            0,
            0,
            6,
            7,
            0,
            0,
            0,
            0,
            2,
            0,
            10,
            182
        ],
        [
            9,
            0,
            0,
            0,
            0,
            0,
            68,
            0,
            0,
            0,
            0,
            0,
            13
        ],
        [
            1,
            0,
            2,
            0,
            2,
            0,
            2,
            2,
            0,
            0,
            0,
            3,
            44
        ],
        [
            0,
            0,
            0,
            0,
            1,
            0,
            0,
            0,
            0,
            1,
            0,
            0,
            13
        ],
        [
            0,
            0,
            1,
            4,
            19,
            2,
            0,
            0,
            1,
            2,
            4,
            12,
            274
        ],
        [
            0,
            0,
            2,
            6,
            74,
            0,
            0,
            0,
            0,
            2,
            3,
            5,
            168
        ],
        [
            4,
            0,
            12,
            10,
            21,
            0,
            0,
            2,
            0,
            7,
            4,
            22,
            324
        ],
        [
            31,
            0,
            19,
            8,
            57,
            0,
            15,
            2,
            0,
            3,
            4,
            7,
            8164
        ]
    ],
    "labels": [
        "B-DATE",
        "B-EVENT",
        "B-LOC",
        "B-ORG",
        "B-PER",
        "B-PRO",
        "I-DATE",
        "I-EVENT",
        "I-LOC",
        "I-ORG",
        "I-PER",
        "I-PRO",
        "O"
    ],
    "training_duration_seconds": 19.508683443069458,
    "epochs": 53
}