{
    "accuracy": 0.7893359399634231,
    "classification_report": {
        "B-DATE": {
            "precision": 0.3137254901960784,
            "recall": 0.027257240204429302,
            "f1-score": 0.050156739811912224,
            "support": 587.0
        },
        "B-EVENT": {
            "precision": 0.0,
            "recall": 0.0,
            "f1-score": 0.0,
            "support": 103.0
        },
        "B-LOC": {
            "precision": 0.26865671641791045,
            "recall": 0.030226700251889168,
            "f1-score": 0.05433962264150943,
            "support": 1191.0
        },
        "B-ORG": {
            "precision": 0.3058823529411765,
            "recall": 0.0325,
            "f1-score": 0.05875706214689266,
            "support": 800.0
        },
        "B-PER": {
            "precision": 0.27547169811320754,
            "recall": 0.07025986525505294,
            "f1-score": 0.11196319018404909,
            "support": 1039.0
        },
        "B-PRO": {
            "precision": 0.75,
            "recall": 0.008849557522123894,
            "f1-score": 0.01749271137026239,
            "support": 339.0
        },
        "I-DATE": {
            "precision": 0.40963855421686746,
            "recall": 0.44502617801047123,
            "f1-score": 0.42659974905897113,
            "support": 382.0
        },
        "I-EVENT": {
            "precision": 0.0,
            "recall": 0.0,
            "f1-score": 0.0,
            "support": 162.0
        },
        "I-LOC": {
            "precision": 0.0,
            "recall": 0.0,
            "f1-score": 0.0,
            "support": 45.0
        },
        "I-ORG": {
            "precision": 0.0,
            "recall": 0.0,
            "f1-score": 0.0,
            "support": 834.0
        },
        "I-PER": {
            "precision": 0.4,
            "recall": 0.01384083044982699,
            "f1-score": 0.026755852842809364,
            "support": 578.0
        },
        "I-PRO": {
            "precision": 0.0,
            "recall": 0.0,
            "f1-score": 0.0,
            "support": 730.0
        },
        "O": {
            "precision": 0.8035458685751464,
            "recall": 0.9910528005135613,
            "f1-score": 0.8875035929864904,
            "support": 24924.0
        },
        "accuracy": 0.7893359399634231,
        "macro avg": {
            "precision": 0.2713015908046451,
            "recall": 0.12453947478518114,
            "f1-score": 0.12565911700329974,
            "support": 31714.0
        },
        "weighted avg": {
            "precision": 0.6843840936106825,
            "recall": 0.7893359399634231,
            "f1-score": 0.7114205546127214,
            "support": 31714.0
        }
    },
    "confusion_matrix": [
        [
            16,
            0,
            0,
            0,
            1,
            0,
            90,
            0,
            0,
            0,
            0,
            0,
            480
        ],
        [
            0,
            0,
            3,
            3,
            4,
            0,
            0,
            0,
            0,
            0,
            0,
            0,
            93
        ],
        [
            9,
            0,
            36,
            4,
            19,
            0,
            0,
            0,
            0,
            0,
            1,
            0,
            1122
        ],
        [
            9,
            0,
            16,
            26,
            26,
            0,
            4,
            0,
            0,
            0,
            3,
            0,
            716
        ],
        [
            3,
            0,
            14,
            3,
            73,
            0,
            0,
            0,
            0,
            0,
            4,
            0,
            942
        ],
        [
            1,
            0,
            11,
            3,
            18,
            3,
            3,
            0,
            0,
            0,
            1,
            0,
            299
        ],
        [
            0,
            0,
            0,
            0,
            0,
            0,
            170,
            0,
            0,
            0,
            0,
            0,
            212
        ],
        [
            3,
            0,
            1,
            2,
            5,
            0,
            6,
            0,
            0,
            0,
            0,
            0,
            145
        ],
        [
            0,
            0,
            0,
            0,
            1,
            0,
            0,
            0,
            0,
            0,
            0,
            0,
            44
        ],
        [
            1,
            0,
            11,
            4,
            17,
            1,
            0,
            0,
            0,
            0,
            1,
            0,
            799
        ],
        [
            1,
            0,
            14,
            3,
            39,
            0,
            0,
            0,
            0,
            0,
            8,
            0,
            513
        ],
        [
            3,
            0,
            5,
            12,
            28,
            0,
            8,
            0,
            0,
            0,
            0,
            0,
            674
        ],
        [
            5,
            0,
            23,
            25,
            34,
            0,
            134,
            0,
            0,
            0,
            2,
            0,
            24701
        ]
    ],
    "labels": [
        "B-DATE",
        "B-EVENT",
        "B-LOC",
        "B-ORG",
        "B-PER",
        "B-PRO",
        "I-DATE",
        "I-EVENT",
        "I-LOC",
        "I-ORG",
        "I-PER",
        "I-PRO",
        "O"
    ],
    "training_duration_seconds": 45.02530860900879,
    "epochs": 41
}