{
    "accuracy": 0.7933182542919649,
    "classification_report": {
        "B-DATE": {
            "precision": 0.5679012345679012,
            "recall": 0.09330628803245436,
            "f1-score": 0.1602787456445993,
            "support": 493.0
        },
        "B-EVENT": {
            "precision": 0.0,
            "recall": 0.0,
            "f1-score": 0.0,
            "support": 89.0
        },
        "B-LOC": {
            "precision": 0.39215686274509803,
            "recall": 0.0375234521575985,
            "f1-score": 0.0684931506849315,
            "support": 1066.0
        },
        "B-ORG": {
            "precision": 0.5185185185185185,
            "recall": 0.06158357771260997,
            "f1-score": 0.11009174311926606,
            "support": 682.0
        },
        "B-PER": {
            "precision": 0.2786885245901639,
            "recall": 0.11486486486486487,
            "f1-score": 0.16267942583732056,
            "support": 888.0
        },
        "B-PRO": {
            "precision": 0.0,
            "recall": 0.0,
            "f1-score": 0.0,
            "support": 278.0
        },
        "I-DATE": {
            "precision": 0.5257352941176471,
            "recall": 0.46579804560260585,
            "f1-score": 0.4939550949913644,
            "support": 307.0
        },
        "I-EVENT": {
            "precision": 1.0,
            "recall": 0.0072992700729927005,
            "f1-score": 0.014492753623188406,
            "support": 137.0
        },
        "I-LOC": {
            "precision": 0.0,
            "recall": 0.0,
            "f1-score": 0.0,
            "support": 40.0
        },
        "I-ORG": {
            "precision": 0.5,
            "recall": 0.0027397260273972603,
            "f1-score": 0.005449591280653951,
            "support": 730.0
        },
        "I-PER": {
            "precision": 0.1276595744680851,
            "recall": 0.012195121951219513,
            "f1-score": 0.022263450834879406,
            "support": 492.0
        },
        "I-PRO": {
            "precision": 0.2857142857142857,
            "recall": 0.023890784982935155,
            "f1-score": 0.04409448818897638,
            "support": 586.0
        },
        "O": {
            "precision": 0.8088359910638626,
            "recall": 0.9914073934186299,
            "f1-score": 0.8908639670788876,
            "support": 21181.0
        },
        "accuracy": 0.7933182542919649,
        "macro avg": {
            "precision": 0.38501617582965864,
            "recall": 0.13927757883256217,
            "f1-score": 0.15174326240646674,
            "support": 26969.0
        },
        "weighted avg": {
            "precision": 0.7165528016566652,
            "recall": 0.7933182542919649,
            "f1-score": 0.7206557016135129,
            "support": 26969.0
        }
    },
    "confusion_matrix": [
        [
            46,
            0,
            0,
            0,
            1,
            0,
            56,
            0,
            0,
            0,
            0,
            0,
            390
        ],
        [
            0,
            0,
            2,
            1,
            5,
            0,
            0,
            0,
            0,
            0,
            0,
            0,
            81
        ],
        [
            0,
            0,
            40,
            3,
            31,
            0,
            0,
            0,
            0,
            0,
            5,
            2,
            985
        ],
        [
            0,
            0,
            10,
            42,
            26,
            1,
            0,
            0,
            0,
            0,
            5,
            5,
            593
        ],
        [
            0,
            0,
            9,
            1,
            102,
            0,
            0,
            0,
            0,
            0,
            10,
            8,
            758
        ],
        [
            2,
            0,
            1,
            5,
            13,
            0,
            0,
            0,
            0,
            0,
            4,
            9,
            244
        ],
        [
            8,
            0,
            0,
            0,
            0,
            0,
            143,
            0,
            0,
            0,
            0,
            0,
            156
        ],
        [
            0,
            0,
            1,
            0,
            5,
            0,
            4,
            1,
            0,
            0,
            0,
            2,
            124
        ],
        [
            0,
            0,
            0,
            0,
            1,
            0,
            0,
            0,
            0,
            0,
            0,
            0,
            39
        ],
        [
            0,
            0,
            3,
            6,
            29,
            0,
            0,
            0,
            0,
            2,
            1,
            3,
            686
        ],
        [
            0,
            0,
            10,
            0,
            69,
            0,
            0,
            0,
            0,
            0,
            6,
            3,
            404
        ],
        [
            4,
            0,
            9,
            7,
            34,
            3,
            4,
            0,
            0,
            2,
            6,
            14,
            503
        ],
        [
            21,
            0,
            17,
            16,
            50,
            0,
            65,
            0,
            0,
            0,
            10,
            3,
            20999
        ]
    ],
    "labels": [
        "B-DATE",
        "B-EVENT",
        "B-LOC",
        "B-ORG",
        "B-PER",
        "B-PRO",
        "I-DATE",
        "I-EVENT",
        "I-LOC",
        "I-ORG",
        "I-PER",
        "I-PRO",
        "O"
    ],
    "training_duration_seconds": 41.81234645843506,
    "epochs": 42
}