{
    "accuracy": 0.8084118926758521,
    "classification_report": {
        "B-DATE": {
            "precision": 0.7155963302752294,
            "recall": 0.7090909090909091,
            "f1-score": 0.7123287671232876,
            "support": 110.0
        },
        "B-EVENT": {
            "precision": 0.5,
            "recall": 0.10344827586206896,
            "f1-score": 0.17142857142857143,
            "support": 29.0
        },
        "B-LOC": {
            "precision": 0.46875,
            "recall": 0.32894736842105265,
            "f1-score": 0.3865979381443299,
            "support": 228.0
        },
        "B-ORG": {
            "precision": 0.4318181818181818,
            "recall": 0.20765027322404372,
            "f1-score": 0.28044280442804426,
            "support": 183.0
        },
        "B-PER": {
            "precision": 0.4746376811594203,
            "recall": 0.5303643724696356,
            "f1-score": 0.5009560229445507,
            "support": 247.0
        },
        "B-PRO": {
            "precision": 0.5,
            "recall": 0.05194805194805195,
            "f1-score": 0.09411764705882353,
            "support": 154.0
        },
        "I-DATE": {
            "precision": 0.7333333333333333,
            "recall": 0.8048780487804879,
            "f1-score": 0.7674418604651163,
            "support": 82.0
        },
        "I-EVENT": {
            "precision": 0.6,
            "recall": 0.08571428571428572,
            "f1-score": 0.15,
            "support": 35.0
        },
        "I-LOC": {
            "precision": 0.0,
            "recall": 0.0,
            "f1-score": 0.0,
            "support": 8.0
        },
        "I-ORG": {
            "precision": 0.45,
            "recall": 0.049723756906077346,
            "f1-score": 0.08955223880597014,
            "support": 181.0
        },
        "I-PER": {
            "precision": 0.3541666666666667,
            "recall": 0.10759493670886076,
            "f1-score": 0.1650485436893204,
            "support": 158.0
        },
        "I-PRO": {
            "precision": 0.44565217391304346,
            "recall": 0.14695340501792115,
            "f1-score": 0.2210242587601078,
            "support": 279.0
        },
        "O": {
            "precision": 0.8531082887700535,
            "recall": 0.9815420111517016,
            "f1-score": 0.9128296826106392,
            "support": 5201.0
        },
        "accuracy": 0.8084118926758521,
        "macro avg": {
            "precision": 0.5020817427643022,
            "recall": 0.31598889963808435,
            "f1-score": 0.3424437181122124,
            "support": 6895.0
        },
        "weighted avg": {
            "precision": 0.7618917569152769,
            "recall": 0.8084118926758521,
            "f1-score": 0.7658858617133474,
            "support": 6895.0
        }
    },
    "confusion_matrix": [
        [
            78,
            0,
            0,
            0,
            0,
            0,
            18,
            0,
            0,
            0,
            0,
            0,
            14
        ],
        [
            1,
            3,
            8,
            1,
            0,
            0,
            0,
            0,
            0,
            0,
            0,
            1,
            15
        ],
        [
            0,
            0,
            75,
            12,
            13,
            0,
            0,
            0,
            1,
            1,
            2,
            3,
            121
        ],
        [
            0,
            0,
            28,
            38,
            13,
            1,
            0,
            0,
            0,
            4,
            2,
            10,
            87
        ],
        [
            0,
            0,
            4,
            2,
            131,
            1,
            0,
            0,
            0,
            0,
            9,
            3,
            97
        ],
        [
            0,
            2,
            2,
            4,
            5,
            8,
            0,
            0,
            0,
            0,
            3,
            7,
            123
        ],
        [
            7,
            0,
            0,
            0,
            0,
            0,
            66,
            0,
            0,
            0,
            0,
            0,
            9
        ],
        [
            0,
            0,
            3,
            2,
            0,
            0,
            2,
            3,
            0,
            1,
            0,
            3,
            21
        ],
        [
            0,
            0,
            1,
            0,
            1,
            0,
            0,
            0,
            0,
            0,
            0,
            0,
            6
        ],
        [
            0,
            0,
            4,
            10,
            9,
            0,
            0,
            1,
            0,
            9,
            3,
            11,
            134
        ],
        [
            0,
            0,
            13,
            2,
            63,
            1,
            0,
            0,
            0,
            0,
            17,
            4,
            58
        ],
        [
            0,
            1,
            5,
            9,
            15,
            2,
            0,
            1,
            0,
            5,
            6,
            41,
            194
        ],
        [
            23,
            0,
            17,
            8,
            26,
            3,
            4,
            0,
            0,
            0,
            6,
            9,
            5105
        ]
    ],
    "labels": [
        "B-DATE",
        "B-EVENT",
        "B-LOC",
        "B-ORG",
        "B-PER",
        "B-PRO",
        "I-DATE",
        "I-EVENT",
        "I-LOC",
        "I-ORG",
        "I-PER",
        "I-PRO",
        "O"
    ],
    "training_duration_seconds": 11.39509892463684,
    "epochs": 50
}