{
    "accuracy": 0.8016319762621634,
    "classification_report": {
        "B-DATE": {
            "precision": 0.5684931506849316,
            "recall": 0.41604010025062654,
            "f1-score": 0.4804630969609262,
            "support": 399.0
        },
        "B-EVENT": {
            "precision": 0.0,
            "recall": 0.0,
            "f1-score": 0.0,
            "support": 75.0
        },
        "B-LOC": {
            "precision": 0.3978494623655914,
            "recall": 0.07863974495217853,
            "f1-score": 0.1313220940550133,
            "support": 941.0
        },
        "B-ORG": {
            "precision": 0.41304347826086957,
            "recall": 0.033391915641476276,
            "f1-score": 0.061788617886178863,
            "support": 569.0
        },
        "B-PER": {
            "precision": 0.32339449541284404,
            "recall": 0.19079837618403248,
            "f1-score": 0.24,
            "support": 739.0
        },
        "B-PRO": {
            "precision": 0.25,
            "recall": 0.012244897959183673,
            "f1-score": 0.023346303501945526,
            "support": 245.0
        },
        "I-DATE": {
            "precision": 0.563265306122449,
            "recall": 0.5948275862068966,
            "f1-score": 0.5786163522012578,
            "support": 232.0
        },
        "I-EVENT": {
            "precision": 0.3333333333333333,
            "recall": 0.017543859649122806,
            "f1-score": 0.03333333333333333,
            "support": 114.0
        },
        "I-LOC": {
            "precision": 0.0,
            "recall": 0.0,
            "f1-score": 0.0,
            "support": 35.0
        },
        "I-ORG": {
            "precision": 0.38461538461538464,
            "recall": 0.007886435331230283,
            "f1-score": 0.015455950540958269,
            "support": 634.0
        },
        "I-PER": {
            "precision": 0.30158730158730157,
            "recall": 0.04656862745098039,
            "f1-score": 0.08067940552016985,
            "support": 408.0
        },
        "I-PRO": {
            "precision": 0.35555555555555557,
            "recall": 0.06680584551148225,
            "f1-score": 0.11247803163444639,
            "support": 479.0
        },
        "O": {
            "precision": 0.8255295429208472,
            "recall": 0.9847620103064221,
            "f1-score": 0.8981427668982944,
            "support": 18047.0
        },
        "accuracy": 0.8016319762621634,
        "macro avg": {
            "precision": 0.3628205392968544,
            "recall": 0.18842379995720246,
            "f1-score": 0.20427891942557874,
            "support": 22917.0
        },
        "weighted avg": {
            "precision": 0.7304917519120154,
            "recall": 0.8016319762621634,
            "f1-score": 0.7408007675219573,
            "support": 22917.0
        }
    },
    "confusion_matrix": [
        [
            166,
            0,
            0,
            0,
            0,
            0,
            58,
            0,
            0,
            0,
            0,
            0,
            175
        ],
        [
            2,
            0,
            3,
            2,
            7,
            0,
            0,
            0,
            0,
            0,
            1,
            1,
            59
        ],
        [
            1,
            0,
            74,
            5,
            37,
            3,
            0,
            1,
            0,
            0,
            3,
            9,
            808
        ],
        [
            1,
            0,
            18,
            19,
            26,
            0,
            0,
            0,
            0,
            2,
            0,
            9,
            494
        ],
        [
            4,
            0,
            24,
            3,
            141,
            0,
            0,
            0,
            0,
            0,
            18,
            7,
            542
        ],
        [
            0,
            0,
            3,
            0,
            21,
            3,
            0,
            0,
            0,
            0,
            6,
            10,
            202
        ],
        [
            7,
            0,
            0,
            0,
            0,
            0,
            138,
            0,
            0,
            0,
            0,
            0,
            87
        ],
        [
            0,
            0,
            3,
            4,
            2,
            0,
            4,
            2,
            0,
            0,
            0,
            6,
            93
        ],
        [
            0,
            0,
            1,
            0,
            1,
            0,
            1,
            0,
            0,
            0,
            0,
            0,
            32
        ],
        [
            3,
            0,
            7,
            7,
            24,
            3,
            0,
            1,
            0,
            5,
            2,
            4,
            578
        ],
        [
            1,
            0,
            11,
            0,
            74,
            0,
            0,
            2,
            0,
            1,
            19,
            4,
            296
        ],
        [
            1,
            0,
            10,
            1,
            35,
            3,
            0,
            0,
            0,
            3,
            4,
            32,
            390
        ],
        [
            106,
            0,
            32,
            5,
            68,
            0,
            44,
            0,
            0,
            2,
            10,
            8,
            17772
        ]
    ],
    "labels": [
        "B-DATE",
        "B-EVENT",
        "B-LOC",
        "B-ORG",
        "B-PER",
        "B-PRO",
        "I-DATE",
        "I-EVENT",
        "I-LOC",
        "I-ORG",
        "I-PER",
        "I-PRO",
        "O"
    ],
    "training_duration_seconds": 32.632885456085205,
    "epochs": 41
}