{
    "accuracy": 0.8587987355110642,
    "classification_report": {
        "B-DATE": {
            "precision": 0.8048780487804879,
            "recall": 0.7021276595744681,
            "f1-score": 0.75,
            "support": 94.0
        },
        "B-EVENT": {
            "precision": 0.6,
            "recall": 0.21428571428571427,
            "f1-score": 0.3157894736842105,
            "support": 14.0
        },
        "B-LOC": {
            "precision": 0.6349206349206349,
            "recall": 0.32,
            "f1-score": 0.425531914893617,
            "support": 125.0
        },
        "B-ORG": {
            "precision": 0.5217391304347826,
            "recall": 0.3050847457627119,
            "f1-score": 0.3850267379679144,
            "support": 118.0
        },
        "B-PER": {
            "precision": 0.6546762589928058,
            "recall": 0.6026490066225165,
            "f1-score": 0.6275862068965518,
            "support": 151.0
        },
        "B-PRO": {
            "precision": 0.625,
            "recall": 0.08196721311475409,
            "f1-score": 0.14492753623188406,
            "support": 61.0
        },
        "I-DATE": {
            "precision": 0.8214285714285714,
            "recall": 0.92,
            "f1-score": 0.8679245283018868,
            "support": 75.0
        },
        "I-EVENT": {
            "precision": 0.5714285714285714,
            "recall": 0.16,
            "f1-score": 0.25,
            "support": 25.0
        },
        "I-LOC": {
            "precision": 0.0,
            "recall": 0.0,
            "f1-score": 0.0,
            "support": 5.0
        },
        "I-ORG": {
            "precision": 0.48,
            "recall": 0.11538461538461539,
            "f1-score": 0.18604651162790697,
            "support": 104.0
        },
        "I-PER": {
            "precision": 0.6190476190476191,
            "recall": 0.1511627906976744,
            "f1-score": 0.24299065420560748,
            "support": 86.0
        },
        "I-PRO": {
            "precision": 0.5789473684210527,
            "recall": 0.22916666666666666,
            "f1-score": 0.3283582089552239,
            "support": 144.0
        },
        "O": {
            "precision": 0.885038240917782,
            "recall": 0.9893133849853059,
            "f1-score": 0.9342752617635928,
            "support": 3743.0
        },
        "accuracy": 0.8587987355110642,
        "macro avg": {
            "precision": 0.599777264951716,
            "recall": 0.3685493690072636,
            "f1-score": 0.4198813103483381,
            "support": 4745.0
        },
        "weighted avg": {
            "precision": 0.8297339215255016,
            "recall": 0.8587987355110642,
            "f1-score": 0.8288763022106059,
            "support": 4745.0
        }
    },
    "confusion_matrix": [
        [
            66,
            0,
            0,
            0,
            0,
            0,
            13,
            0,
            0,
            0,
            0,
            0,
            15
        ],
        [
            0,
            3,
            2,
            1,
            0,
            0,
            0,
            0,
            0,
            0,
            1,
            0,
            7
        ],
        [
            0,
            0,
            40,
            14,
            0,
            0,
            0,
            0,
            0,
            0,
            0,
            1,
            70
        ],
        [
            0,
            0,
            14,
            36,
            5,
            0,
            0,
            0,
            0,
            2,
            0,
            4,
            57
        ],
        [
            0,
            0,
            0,
            0,
            91,
            0,
            0,
            0,
            0,
            0,
            4,
            2,
            54
        ],
        [
            0,
            2,
            0,
            2,
            0,
            5,
            0,
            0,
            0,
            1,
            0,
            1,
            50
        ],
        [
            1,
            0,
            0,
            0,
            0,
            0,
            69,
            0,
            0,
            0,
            0,
            0,
            5
        ],
        [
            0,
            0,
            1,
            2,
            0,
            0,
            2,
            4,
            0,
            1,
            0,
            3,
            12
        ],
        [
            0,
            0,
            0,
            0,
            0,
            0,
            0,
            0,
            0,
            0,
            0,
            0,
            5
        ],
        [
            0,
            0,
            2,
            7,
            0,
            0,
            0,
            1,
            0,
            12,
            0,
            9,
            73
        ],
        [
            0,
            0,
            0,
            1,
            28,
            0,
            0,
            0,
            0,
            0,
            13,
            2,
            42
        ],
        [
            0,
            0,
            1,
            4,
            5,
            1,
            0,
            1,
            0,
            6,
            2,
            33,
            91
        ],
        [
            15,
            0,
            3,
            2,
            10,
            2,
            0,
            1,
            1,
            3,
            1,
            2,
            3703
        ]
    ],
    "labels": [
        "B-DATE",
        "B-EVENT",
        "B-LOC",
        "B-ORG",
        "B-PER",
        "B-PRO",
        "I-DATE",
        "I-EVENT",
        "I-LOC",
        "I-ORG",
        "I-PER",
        "I-PRO",
        "O"
    ],
    "training_duration_seconds": 43.929208517074585,
    "epochs": 289
}