{
    "accuracy": 0.8005845622425933,
    "classification_report": {
        "B-DATE": {
            "precision": 0.723404255319149,
            "recall": 0.6181818181818182,
            "f1-score": 0.6666666666666666,
            "support": 110.0
        },
        "B-EVENT": {
            "precision": 0.42857142857142855,
            "recall": 0.0967741935483871,
            "f1-score": 0.15789473684210525,
            "support": 31.0
        },
        "B-LOC": {
            "precision": 0.49122807017543857,
            "recall": 0.3373493975903614,
            "f1-score": 0.4,
            "support": 249.0
        },
        "B-ORG": {
            "precision": 0.49074074074074076,
            "recall": 0.23660714285714285,
            "f1-score": 0.3192771084337349,
            "support": 224.0
        },
        "B-PER": {
            "precision": 0.44755244755244755,
            "recall": 0.45390070921985815,
            "f1-score": 0.4507042253521127,
            "support": 282.0
        },
        "B-PRO": {
            "precision": 0.6666666666666666,
            "recall": 0.037037037037037035,
            "f1-score": 0.07017543859649122,
            "support": 162.0
        },
        "I-DATE": {
            "precision": 0.6699029126213593,
            "recall": 0.8414634146341463,
            "f1-score": 0.745945945945946,
            "support": 82.0
        },
        "I-EVENT": {
            "precision": 0.5555555555555556,
            "recall": 0.11904761904761904,
            "f1-score": 0.19607843137254902,
            "support": 42.0
        },
        "I-LOC": {
            "precision": 0.0,
            "recall": 0.0,
            "f1-score": 0.0,
            "support": 10.0
        },
        "I-ORG": {
            "precision": 0.2608695652173913,
            "recall": 0.02912621359223301,
            "f1-score": 0.05240174672489083,
            "support": 206.0
        },
        "I-PER": {
            "precision": 0.42,
            "recall": 0.12138728323699421,
            "f1-score": 0.18834080717488788,
            "support": 173.0
        },
        "I-PRO": {
            "precision": 0.4,
            "recall": 0.12203389830508475,
            "f1-score": 0.18701298701298702,
            "support": 295.0
        },
        "O": {
            "precision": 0.8433936445187775,
            "recall": 0.9798622151563328,
            "f1-score": 0.9065206733126328,
            "support": 5661.0
        },
        "accuracy": 0.8005845622425933,
        "macro avg": {
            "precision": 0.4921450220722274,
            "recall": 0.3071362263390011,
            "f1-score": 0.3339245205719234,
            "support": 7527.0
        },
        "weighted avg": {
            "precision": 0.7514850022856501,
            "recall": 0.8005845622425933,
            "f1-score": 0.755623236217612,
            "support": 7527.0
        }
    },
    "confusion_matrix": [
        [
            68,
            0,
            0,
            0,
            0,
            0,
            20,
            0,
            0,
            0,
            0,
            0,
            22
        ],
        [
            0,
            3,
            4,
            1,
            0,
            0,
            0,
            0,
            0,
            0,
            0,
            1,
            22
        ],
        [
            0,
            0,
            84,
            15,
            15,
            0,
            0,
            0,
            0,
            0,
            1,
            2,
            132
        ],
        [
            0,
            1,
            27,
            53,
            12,
            0,
            0,
            0,
            0,
            5,
            5,
            7,
            114
        ],
        [
            0,
            0,
            5,
            4,
            128,
            1,
            0,
            0,
            0,
            1,
            8,
            5,
            130
        ],
        [
            0,
            2,
            1,
            7,
            4,
            6,
            0,
            0,
            0,
            0,
            0,
            9,
            133
        ],
        [
            5,
            0,
            0,
            0,
            0,
            0,
            69,
            0,
            0,
            0,
            0,
            0,
            8
        ],
        [
            0,
            0,
            3,
            2,
            0,
            0,
            2,
            5,
            0,
            0,
            0,
            4,
            26
        ],
        [
            0,
            0,
            1,
            1,
            1,
            0,
            0,
            0,
            0,
            0,
            0,
            0,
            7
        ],
        [
            0,
            1,
            5,
            5,
            15,
            1,
            0,
            0,
            0,
            6,
            3,
            11,
            159
        ],
        [
            0,
            0,
            11,
            3,
            64,
            0,
            0,
            0,
            0,
            1,
            21,
            5,
            68
        ],
        [
            0,
            0,
            8,
            4,
            20,
            1,
            0,
            3,
            0,
            7,
            7,
            36,
            209
        ],
        [
            21,
            0,
            22,
            13,
            27,
            0,
            12,
            1,
            0,
            3,
            5,
            10,
            5547
        ]
    ],
    "labels": [
        "B-DATE",
        "B-EVENT",
        "B-LOC",
        "B-ORG",
        "B-PER",
        "B-PRO",
        "I-DATE",
        "I-EVENT",
        "I-LOC",
        "I-ORG",
        "I-PER",
        "I-PRO",
        "O"
    ],
    "training_duration_seconds": 11.714396953582764,
    "epochs": 47
}