{
    "accuracy": 0.7796382428940568,
    "classification_report": {
        "B-DATE": {
            "precision": 0.6666666666666666,
            "recall": 0.6141732283464567,
            "f1-score": 0.639344262295082,
            "support": 127.0
        },
        "B-EVENT": {
            "precision": 0.0,
            "recall": 0.0,
            "f1-score": 0.0,
            "support": 37.0
        },
        "B-LOC": {
            "precision": 0.5032679738562091,
            "recall": 0.22916666666666666,
            "f1-score": 0.3149284253578732,
            "support": 336.0
        },
        "B-ORG": {
            "precision": 0.4157303370786517,
            "recall": 0.1167192429022082,
            "f1-score": 0.18226600985221675,
            "support": 317.0
        },
        "B-PER": {
            "precision": 0.34065934065934067,
            "recall": 0.3263157894736842,
            "f1-score": 0.3333333333333333,
            "support": 380.0
        },
        "B-PRO": {
            "precision": 0.3125,
            "recall": 0.02564102564102564,
            "f1-score": 0.04739336492890995,
            "support": 195.0
        },
        "I-DATE": {
            "precision": 0.6770833333333334,
            "recall": 0.7471264367816092,
            "f1-score": 0.7103825136612022,
            "support": 87.0
        },
        "I-EVENT": {
            "precision": 0.42857142857142855,
            "recall": 0.0625,
            "f1-score": 0.10909090909090909,
            "support": 48.0
        },
        "I-LOC": {
            "precision": 0.0,
            "recall": 0.0,
            "f1-score": 0.0,
            "support": 14.0
        },
        "I-ORG": {
            "precision": 0.20689655172413793,
            "recall": 0.022222222222222223,
            "f1-score": 0.04013377926421405,
            "support": 270.0
        },
        "I-PER": {
            "precision": 0.35294117647058826,
            "recall": 0.05172413793103448,
            "f1-score": 0.09022556390977443,
            "support": 232.0
        },
        "I-PRO": {
            "precision": 0.2755102040816326,
            "recall": 0.07317073170731707,
            "f1-score": 0.11563169164882227,
            "support": 369.0
        },
        "O": {
            "precision": 0.8201430549146285,
            "recall": 0.9787966405066777,
            "f1-score": 0.8924737932333187,
            "support": 7263.0
        },
        "accuracy": 0.7796382428940568,
        "macro avg": {
            "precision": 0.3846130821043552,
            "recall": 0.24981200939837714,
            "f1-score": 0.26732335742889657,
            "support": 9675.0
        },
        "weighted avg": {
            "precision": 0.7081678186889949,
            "recall": 0.7796382428940568,
            "f1-score": 0.7239496349568972,
            "support": 9675.0
        }
    },
    "confusion_matrix": [
        [
            78,
            0,
            1,
            1,
            0,
            0,
            19,
            0,
            0,
            0,
            0,
            0,
            28
        ],
        [
            0,
            0,
            4,
            3,
            4,
            0,
            0,
            0,
            0,
            0,
            0,
            1,
            25
        ],
        [
            0,
            0,
            77,
            10,
            21,
            4,
            0,
            0,
            0,
            1,
            8,
            7,
            208
        ],
        [
            0,
            0,
            28,
            37,
            23,
            0,
            0,
            0,
            0,
            5,
            4,
            8,
            212
        ],
        [
            0,
            0,
            7,
            9,
            124,
            0,
            0,
            0,
            0,
            5,
            1,
            5,
            229
        ],
        [
            0,
            0,
            1,
            6,
            10,
            5,
            0,
            0,
            0,
            1,
            1,
            7,
            164
        ],
        [
            10,
            0,
            0,
            0,
            0,
            0,
            65,
            0,
            0,
            0,
            0,
            0,
            12
        ],
        [
            0,
            0,
            2,
            0,
            0,
            0,
            2,
            3,
            0,
            0,
            0,
            4,
            37
        ],
        [
            0,
            0,
            0,
            0,
            1,
            0,
            0,
            0,
            0,
            1,
            0,
            0,
            12
        ],
        [
            0,
            0,
            2,
            2,
            20,
            1,
            0,
            1,
            1,
            6,
            2,
            14,
            221
        ],
        [
            0,
            0,
            4,
            4,
            71,
            1,
            0,
            0,
            0,
            2,
            12,
            13,
            125
        ],
        [
            2,
            0,
            7,
            11,
            19,
            1,
            1,
            2,
            0,
            7,
            6,
            27,
            286
        ],
        [
            27,
            3,
            20,
            6,
            71,
            4,
            9,
            1,
            0,
            1,
            0,
            12,
            7109
        ]
    ],
    "labels": [
        "B-DATE",
        "B-EVENT",
        "B-LOC",
        "B-ORG",
        "B-PER",
        "B-PRO",
        "I-DATE",
        "I-EVENT",
        "I-LOC",
        "I-ORG",
        "I-PER",
        "I-PRO",
        "O"
    ],
    "training_duration_seconds": 18.57526993751526,
    "epochs": 56
}