{
    "average_accuracy": 0.8170041612144007,
    "average_sentence_accuracy": 0.017542321132575475,
    "classification_report": {
        "B-LOC": {
            "precision": 0.2545518422746145,
            "recall": 0.15993776042251098,
            "f1-score": 0.1962500283524548,
            "support": 133677.0
        },
        "B-MISC": {
            "precision": 0.2534071231568714,
            "recall": 0.026330637577581344,
            "f1-score": 0.0475667792504774,
            "support": 21268.0
        },
        "B-ORG": {
            "precision": 0.29869299972256963,
            "recall": 0.08500897432562494,
            "f1-score": 0.13229987555085482,
            "support": 38443.0
        },
        "B-PER": {
            "precision": 0.3092178838962486,
            "recall": 0.1690676856231607,
            "f1-score": 0.21798524067436698,
            "support": 64903.0
        },
        "I-LOC": {
            "precision": 0.15503618075834014,
            "recall": 0.011178388448998603,
            "f1-score": 0.020648375801975895,
            "support": 15029.0
        },
        "I-MISC": {
            "precision": 0.21293323408283987,
            "recall": 0.062282284802954634,
            "f1-score": 0.09607775128684924,
            "support": 23827.0
        },
        "I-ORG": {
            "precision": 0.4043594063730549,
            "recall": 0.10748294942735813,
            "f1-score": 0.16752419688611334,
            "support": 31084.0
        },
        "I-PER": {
            "precision": 0.27144017156803324,
            "recall": 0.06985483528805649,
            "f1-score": 0.11080693620788536,
            "support": 32997.0
        },
        "O": {
            "precision": 0.8638411442549359,
            "recall": 0.9714997007044955,
            "f1-score": 0.9145101463494592,
            "support": 1628825.0
        }
    },
    "training_duration_seconds": 645.518212556839,
    "average_epochs": 200,
    "labels": [
        "B-LOC",
        "B-MISC",
        "B-ORG",
        "B-PER",
        "I-LOC",
        "I-MISC",
        "I-ORG",
        "I-PER",
        "O"
    ]
}