{
    "average_accuracy": 0.8086792101153696,
    "average_sentence_accuracy": 0.14876680105237383,
    "classification_report": {
        "B-LOC": {
            "precision": 0.4884309483407789,
            "recall": 0.37397337864627583,
            "f1-score": 0.42355544676350204,
            "support": 77682.0
        },
        "B-MISC": {
            "precision": 0.31813027849800946,
            "recall": 0.16791707798617966,
            "f1-score": 0.21978579274841922,
            "support": 10130.0
        },
        "B-ORG": {
            "precision": 0.3740387381909421,
            "recall": 0.18600745289455728,
            "f1-score": 0.2482995698623084,
            "support": 19053.0
        },
        "B-PER": {
            "precision": 0.4627999492746921,
            "recall": 0.301099193039551,
            "f1-score": 0.3647484438898025,
            "support": 30113.0
        },
        "I-LOC": {
            "precision": 0.4039919560134298,
            "recall": 0.19708676377454085,
            "f1-score": 0.2648850423827921,
            "support": 7895.0
        },
        "I-MISC": {
            "precision": 0.24736815909615048,
            "recall": 0.10238322211630124,
            "f1-score": 0.14424754456733574,
            "support": 10490.0
        },
        "I-ORG": {
            "precision": 0.45697885119121373,
            "recall": 0.2383151671900979,
            "f1-score": 0.3128996589254647,
            "support": 16239.0
        },
        "I-PER": {
            "precision": 0.38598011291966866,
            "recall": 0.16980412108878148,
            "f1-score": 0.23570355097214465,
            "support": 15724.0
        },
        "O": {
            "precision": 0.862352448308016,
            "recall": 0.9456172616551738,
            "f1-score": 0.9020667026136306,
            "support": 722619.0
        }
    },
    "training_duration_seconds": 306.8324911594391,
    "average_epochs": 200,
    "labels": [
        "B-LOC",
        "B-MISC",
        "B-ORG",
        "B-PER",
        "I-LOC",
        "I-MISC",
        "I-ORG",
        "I-PER",
        "O"
    ]
}