{
    "average_accuracy": 0.7594655462399923,
    "average_sentence_accuracy": 0.1623309183060923,
    "classification_report": {
        "B-LOC": {
            "precision": 0.28189084607289255,
            "recall": 0.1944103029979159,
            "f1-score": 0.23003578160357657,
            "support": 56139.0
        },
        "B-MISC": {
            "precision": 0.08689509901460128,
            "recall": 0.034438040345821326,
            "f1-score": 0.04926651288505662,
            "support": 6940.0
        },
        "B-ORG": {
            "precision": 0.11659171327150063,
            "recall": 0.047687971356745636,
            "f1-score": 0.06762478219040868,
            "support": 13127.0
        },
        "B-PER": {
            "precision": 0.2784000487357993,
            "recall": 0.1505730804341211,
            "f1-score": 0.19532250992802003,
            "support": 19718.0
        },
        "I-LOC": {
            "precision": 0.04369227863951606,
            "recall": 0.01217263002582073,
            "f1-score": 0.018960889778017825,
            "support": 5422.0
        },
        "I-MISC": {
            "precision": 0.06993026814197315,
            "recall": 0.024149757073449556,
            "f1-score": 0.03555427543238818,
            "support": 6998.0
        },
        "I-ORG": {
            "precision": 0.21160367077412456,
            "recall": 0.07534125155114342,
            "f1-score": 0.11102438411996875,
            "support": 11282.0
        },
        "I-PER": {
            "precision": 0.16123681832458744,
            "recall": 0.05351696999508116,
            "f1-score": 0.0802337295591242,
            "support": 10165.0
        },
        "O": {
            "precision": 0.8279120115318712,
            "recall": 0.9370794092604519,
            "f1-score": 0.8791127852131005,
            "support": 462742.0
        }
    },
    "training_duration_seconds": 211.80661916732788,
    "average_epochs": 200,
    "labels": [
        "B-LOC",
        "B-MISC",
        "B-ORG",
        "B-PER",
        "I-LOC",
        "I-MISC",
        "I-ORG",
        "I-PER",
        "O"
    ]
}