{
    "average_accuracy": 0.774844032483997,
    "classification_report": {
        "B-CARDINAL": {
            "precision": 0.5279680545101666,
            "recall": 0.49732750242954327,
            "f1-score": 0.5121226667066663,
            "support": 4116.0
        },
        "B-DATE": {
            "precision": 0.594015496829077,
            "recall": 0.6870066788099575,
            "f1-score": 0.6369569278123751,
            "support": 6588.0
        },
        "B-EVENT": {
            "precision": 0.32620700370333405,
            "recall": 0.07984293193717278,
            "f1-score": 0.1282219999636349,
            "support": 2292.0
        },
        "B-FAC": {
            "precision": 0.2077782552642888,
            "recall": 0.0067039106145251395,
            "f1-score": 0.012873128788903421,
            "support": 895.0
        },
        "B-GPE": {
            "precision": 0.5390871529096944,
            "recall": 0.5808695652173913,
            "f1-score": 0.5589929686660184,
            "support": 9775.0
        },
        "B-LANGUAGE": {
            "precision": 0.8715783597789931,
            "recall": 0.5854591836734694,
            "f1-score": 0.7002077991724303,
            "support": 784.0
        },
        "B-LAW": {
            "precision": 0.0,
            "recall": 0.0,
            "f1-score": 0.0,
            "support": 77.0
        },
        "B-LOC": {
            "precision": 0.3495832319286042,
            "recall": 0.09491268033409264,
            "f1-score": 0.14925039998238615,
            "support": 1317.0
        },
        "B-MONEY": {
            "precision": 0.0,
            "recall": 0.0,
            "f1-score": 0.0,
            "support": 97.0
        },
        "B-NORP": {
            "precision": 0.7260615514666784,
            "recall": 0.5376819126819127,
            "f1-score": 0.6178176495627374,
            "support": 3848.0
        },
        "B-ORDINAL": {
            "precision": 0.7346661174724417,
            "recall": 0.5760598503740648,
            "f1-score": 0.6455889034241341,
            "support": 1604.0
        },
        "B-ORG": {
            "precision": 0.40461829544999833,
            "recall": 0.1570076194874163,
            "f1-score": 0.22611395751180358,
            "support": 4331.0
        },
        "B-PERCENT": {
            "precision": 0.8462807881773398,
            "recall": 0.29444444444444445,
            "f1-score": 0.436090951260658,
            "support": 180.0
        },
        "B-PERSON": {
            "precision": 0.5521611739347805,
            "recall": 0.5600197595916351,
            "f1-score": 0.5559922474082084,
            "support": 12146.0
        },
        "B-PRODUCT": {
            "precision": 0.4299317282612941,
            "recall": 0.15658747300215983,
            "f1-score": 0.2291854684782293,
            "support": 926.0
        },
        "B-QUANTITY": {
            "precision": 0.29869703537523606,
            "recall": 0.09243697478991597,
            "f1-score": 0.13971289866731154,
            "support": 595.0
        },
        "B-TIME": {
            "precision": 0.0,
            "recall": 0.0,
            "f1-score": 0.0,
            "support": 125.0
        },
        "B-TITLE": {
            "precision": 0.4404478253572224,
            "recall": 0.1380515508955876,
            "f1-score": 0.2100920696157235,
            "support": 2289.0
        },
        "B-WORK_OF_ART": {
            "precision": 0.37012972334449756,
            "recall": 0.12057245080500895,
            "f1-score": 0.181859873857934,
            "support": 2795.0
        },
        "I-CARDINAL": {
            "precision": 0.4446859601926579,
            "recall": 0.1806930693069307,
            "f1-score": 0.2557434809167361,
            "support": 404.0
        },
        "I-DATE": {
            "precision": 0.6594610014644959,
            "recall": 0.4375633048762842,
            "f1-score": 0.5237447885262448,
            "support": 6911.0
        },
        "I-EVENT": {
            "precision": 0.5783907802882631,
            "recall": 0.3920480813684697,
            "f1-score": 0.46691679197960545,
            "support": 4326.0
        },
        "I-FAC": {
            "precision": 0.5285546394567119,
            "recall": 0.17406624383368569,
            "f1-score": 0.25972281622854504,
            "support": 1419.0
        },
        "I-GPE": {
            "precision": 0.48133247993196593,
            "recall": 0.14006150405367626,
            "f1-score": 0.21624541892829222,
            "support": 3577.0
        },
        "I-LANGUAGE": {
            "precision": 0.393262987012987,
            "recall": 0.07142857142857142,
            "f1-score": 0.12089518241524619,
            "support": 140.0
        },
        "I-LAW": {
            "precision": 0.5183760683760683,
            "recall": 0.1259259259259259,
            "f1-score": 0.18543694020818205,
            "support": 135.0
        },
        "I-LOC": {
            "precision": 0.5497114696999836,
            "recall": 0.20482866043613707,
            "f1-score": 0.2978247284049708,
            "support": 1284.0
        },
        "I-MONEY": {
            "precision": 0.8126550868486353,
            "recall": 0.38461538461538464,
            "f1-score": 0.5210771701957079,
            "support": 169.0
        },
        "I-NORP": {
            "precision": 0.306023102310231,
            "recall": 0.023514851485148515,
            "f1-score": 0.043652443337640054,
            "support": 808.0
        },
        "I-ORDINAL": {
            "precision": 0.0,
            "recall": 0.0,
            "f1-score": 0.0,
            "support": 73.0
        },
        "I-ORG": {
            "precision": 0.4812363237123144,
            "recall": 0.33110549132947975,
            "f1-score": 0.39190915362682877,
            "support": 5536.0
        },
        "I-PERCENT": {
            "precision": 0.0,
            "recall": 0.0,
            "f1-score": 0.0,
            "support": 54.0
        },
        "I-PERSON": {
            "precision": 0.3562975014679413,
            "recall": 0.09766729500471254,
            "f1-score": 0.15327099224754653,
            "support": 8488.0
        },
        "I-PRODUCT": {
            "precision": 0.22394248110836582,
            "recall": 0.02768166089965398,
            "f1-score": 0.04892036897809861,
            "support": 867.0
        },
        "I-QUANTITY": {
            "precision": 0.8621015086548902,
            "recall": 0.5902366863905325,
            "f1-score": 0.7000130758137361,
            "support": 676.0
        },
        "I-TIME": {
            "precision": 0.5397727272727273,
            "recall": 0.12878787878787878,
            "f1-score": 0.2076464983685074,
            "support": 132.0
        },
        "I-TITLE": {
            "precision": 0.5076171500752507,
            "recall": 0.16945996275605213,
            "f1-score": 0.2534744897827691,
            "support": 1611.0
        },
        "I-WORK_OF_ART": {
            "precision": 0.39419880998970286,
            "recall": 0.3716129032258065,
            "f1-score": 0.382205081971171,
            "support": 4650.0
        },
        "O": {
            "precision": 0.8426282842611205,
            "recall": 0.9753306048577833,
            "f1-score": 0.9041337822852796,
            "support": 194492.0
        }
    },
    "training_duration_seconds": 3520.4644627571106,
    "average_epochs": 274,