{
    "average_accuracy": 0.6602068494280919,
    "classification_report": {
        "B-CARDINAL": {
            "precision": 0.0,
            "recall": 0.0,
            "f1-score": 0.0,
            "support": 11530.0
        },
        "B-DATE": {
            "precision": 0.47584123943008066,
            "recall": 0.7377857463021067,
            "f1-score": 0.5785299501730788,
            "support": 26772.0
        },
        "B-EVENT": {
            "precision": 0.0,
            "recall": 0.0,
            "f1-score": 0.0,
            "support": 12762.0
        },
        "B-FAC": {
            "precision": 0.0,
            "recall": 0.0,
            "f1-score": 0.0,
            "support": 5869.0
        },
        "B-GPE": {
            "precision": 0.255808393116362,
            "recall": 0.0593594948128101,
            "f1-score": 0.09635046716823356,
            "support": 77595.0
        },
        "B-LANGUAGE": {
            "precision": 0.0,
            "recall": 0.0,
            "f1-score": 0.0,
            "support": 5969.0
        },
        "B-LAW": {
            "precision": 0.0,
            "recall": 0.0,
            "f1-score": 0.0,
            "support": 504.0
        },
        "B-LOC": {
            "precision": 0.0,
            "recall": 0.0,
            "f1-score": 0.0,
            "support": 8301.0
        },
        "B-MONEY": {
            "precision": 0.0,
            "recall": 0.0,
            "f1-score": 0.0,
            "support": 327.0
        },
        "B-NORP": {
            "precision": 0.0,
            "recall": 0.0,
            "f1-score": 0.0,
            "support": 27537.0
        },
        "B-ORDINAL": {
            "precision": 0.0,
            "recall": 0.0,
            "f1-score": 0.0,
            "support": 6832.0
        },
        "B-ORG": {
            "precision": 0.0,
            "recall": 0.0,
            "f1-score": 0.0,
            "support": 28754.0
        },
        "B-PERCENT": {
            "precision": 0.9709102195529301,
            "recall": 0.21298701298701297,
            "f1-score": 0.3492980387782555,
            "support": 770.0
        },
        "B-PERSON": {
            "precision": 0.20160744825308344,
            "recall": 0.11043469114050543,
            "f1-score": 0.1426640588894311,
            "support": 76054.0
        },
        "B-PRODUCT": {
            "precision": 0.0,
            "recall": 0.0,
            "f1-score": 0.0,
            "support": 5167.0
        },
        "B-QUANTITY": {
            "precision": 0.0,
            "recall": 0.0,
            "f1-score": 0.0,
            "support": 1953.0
        },
        "B-TIME": {
            "precision": 0.0,
            "recall": 0.0,
            "f1-score": 0.0,
            "support": 445.0
        },
        "B-TITLE": {
            "precision": 0.0,
            "recall": 0.0,
            "f1-score": 0.0,
            "support": 15693.0
        },
        "B-WORK_OF_ART": {
            "precision": 0.0,
            "recall": 0.0,
            "f1-score": 0.0,
            "support": 15654.0
        },
        "I-CARDINAL": {
            "precision": 0.0,
            "recall": 0.0,
            "f1-score": 0.0,
            "support": 1436.0
        },
        "I-DATE": {
            "precision": 0.0,
            "recall": 0.0,
            "f1-score": 0.0,
            "support": 38166.0
        },
        "I-EVENT": {
            "precision": 0.0,
            "recall": 0.0,
            "f1-score": 0.0,
            "support": 29669.0
        },
        "I-FAC": {
            "precision": 0.0,
            "recall": 0.0,
            "f1-score": 0.0,
            "support": 9994.0
        },
        "I-GPE": {
            "precision": 0.0,
            "recall": 0.0,
            "f1-score": 0.0,
            "support": 26176.0
        },
        "I-LANGUAGE": {
            "precision": 0.0,
            "recall": 0.0,
            "f1-score": 0.0,
            "support": 918.0
        },
        "I-LAW": {
            "precision": 0.0,
            "recall": 0.0,
            "f1-score": 0.0,
            "support": 986.0
        },
        "I-LOC": {
            "precision": 0.0,
            "recall": 0.0,
            "f1-score": 0.0,
            "support": 9358.0
        },
        "I-MONEY": {
            "precision": 0.0,
            "recall": 0.0,
            "f1-score": 0.0,
            "support": 924.0
        },
        "I-NORP": {
            "precision": 0.0,
            "recall": 0.0,
            "f1-score": 0.0,
            "support": 6272.0
        },
        "I-ORDINAL": {
            "precision": 0.0,
            "recall": 0.0,
            "f1-score": 0.0,
            "support": 374.0
        },
        "I-ORG": {
            "precision": 0.5474012850613569,
            "recall": 0.006486131792140928,
            "f1-score": 0.012820246198825493,
            "support": 39623.0
        },
        "I-PERCENT": {
            "precision": 0.0,
            "recall": 0.0,
            "f1-score": 0.0,
            "support": 218.0
        },
        "I-PERSON": {
            "precision": 0.0,
            "recall": 0.0,
            "f1-score": 0.0,
            "support": 53588.0
        },
        "I-PRODUCT": {
            "precision": 0.0,
            "recall": 0.0,
            "f1-score": 0.0,
            "support": 4075.0
        },
        "I-QUANTITY": {
            "precision": 0.0,
            "recall": 0.0,
            "f1-score": 0.0,
            "support": 2507.0
        },
        "I-TIME": {
            "precision": 0.0,
            "recall": 0.0,
            "f1-score": 0.0,
            "support": 679.0
        },
        "I-TITLE": {
            "precision": 0.0,
            "recall": 0.0,
            "f1-score": 0.0,
            "support": 10908.0
        },
        "I-WORK_OF_ART": {
            "precision": 0.0,
            "recall": 0.0,
            "f1-score": 0.0,
            "support": 22226.0
        },
        "O": {
            "precision": 0.6822941167981225,
            "recall": 0.9950532922415839,
            "f1-score": 0.8095146097177598,
            "support": 1057471.0
        }
    },
    "training_duration_seconds": 285.6341097354889,
    "average_epochs": 21,
    "labels": [
        "B-CARDINAL",
        "B-DATE",
        "B-EVENT",
        "B-FAC",
        "B-GPE",
        "B-LANGUAGE",
        "B-LAW",
        "B-LOC",
        "B-MONEY",
        "B-NORP",
        "B-ORDINAL",
        "B-ORG",
        "B-PERCENT",
        "B-PERSON",
        "B-PRODUCT",
        "B-QUANTITY",
        "B-TIME",
        "B-TITLE",
        "B-WORK_OF_ART",
        "I-CARDINAL",
        "I-DATE",
        "I-EVENT",
        "I-FAC",
        "I-GPE",
        "I-LANGUAGE",
        "I-LAW",
        "I-LOC",
        "I-MONEY",
        "I-NORP",
        "I-ORDINAL",
        "I-ORG",
        "I-PERCENT",
        "I-PERSON",
        "I-PRODUCT",
        "I-QUANTITY",
        "I-TIME",
        "I-TITLE",
        "I-WORK_OF_ART",
        "O"
    ]
}