{
    "average_accuracy": 0.6479881196842355,
    "classification_report": {
        "B-CARDINAL": {
            "precision": 0.0,
            "recall": 0.0,
            "f1-score": 0.0,
            "support": 10683.0
        },
        "B-DATE": {
            "precision": 0.4602409129684812,
            "recall": 0.7356573883469077,
            "f1-score": 0.5662133937704869,
            "support": 22346.0
        },
        "B-EVENT": {
            "precision": 0.0,
            "recall": 0.0,
            "f1-score": 0.0,
            "support": 10610.0
        },
        "B-FAC": {
            "precision": 0.0,
            "recall": 0.0,
            "f1-score": 0.0,
            "support": 4715.0
        },
        "B-GPE": {
            "precision": 0.24101272460860887,
            "recall": 0.142971739893377,
            "f1-score": 0.17944766588777672,
            "support": 59837.0
        },
        "B-LANGUAGE": {
            "precision": 0.0,
            "recall": 0.0,
            "f1-score": 0.0,
            "support": 4966.0
        },
        "B-LAW": {
            "precision": 0.0,
            "recall": 0.0,
            "f1-score": 0.0,
            "support": 393.0
        },
        "B-LOC": {
            "precision": 0.0,
            "recall": 0.0,
            "f1-score": 0.0,
            "support": 6618.0
        },
        "B-MONEY": {
            "precision": 0.0,
            "recall": 0.0,
            "f1-score": 0.0,
            "support": 320.0
        },
        "B-NORP": {
            "precision": 0.0,
            "recall": 0.0,
            "f1-score": 0.0,
            "support": 20645.0
        },
        "B-ORDINAL": {
            "precision": 0.0,
            "recall": 0.0,
            "f1-score": 0.0,
            "support": 5845.0
        },
        "B-ORG": {
            "precision": 0.3112126952233707,
            "recall": 0.03102889779217458,
            "f1-score": 0.05641994050248484,
            "support": 23462.0
        },
        "B-PERCENT": {
            "precision": 0.9707059294954724,
            "recall": 0.1889400921658986,
            "f1-score": 0.3163036407983618,
            "support": 868.0
        },
        "B-PERSON": {
            "precision": 0.20793662885584913,
            "recall": 0.12874270590861261,
            "f1-score": 0.15892352756939215,
            "support": 62722.0
        },
        "B-PRODUCT": {
            "precision": 0.0,
            "recall": 0.0,
            "f1-score": 0.0,
            "support": 4619.0
        },
        "B-QUANTITY": {
            "precision": 0.0,
            "recall": 0.0,
            "f1-score": 0.0,
            "support": 2071.0
        },
        "B-TIME": {
            "precision": 0.0,
            "recall": 0.0,
            "f1-score": 0.0,
            "support": 435.0
        },
        "B-TITLE": {
            "precision": 0.0,
            "recall": 0.0,
            "f1-score": 0.0,
            "support": 11840.0
        },
        "B-WORK_OF_ART": {
            "precision": 0.0,
            "recall": 0.0,
            "f1-score": 0.0,
            "support": 13162.0
        },
        "I-CARDINAL": {
            "precision": 0.0,
            "recall": 0.0,
            "f1-score": 0.0,
            "support": 1186.0
        },
        "I-DATE": {
            "precision": 0.0,
            "recall": 0.0,
            "f1-score": 0.0,
            "support": 26694.0
        },
        "I-EVENT": {
            "precision": 0.17199084081056118,
            "recall": 0.007924561714184522,
            "f1-score": 0.01514708700006815,
            "support": 22588.0
        },
        "I-FAC": {
            "precision": 0.0,
            "recall": 0.0,
            "f1-score": 0.0,
            "support": 7269.0
        },
        "I-GPE": {
            "precision": 0.0,
            "recall": 0.0,
            "f1-score": 0.0,
            "support": 19486.0
        },
        "I-LANGUAGE": {
            "precision": 0.0,
            "recall": 0.0,
            "f1-score": 0.0,
            "support": 660.0
        },
        "I-LAW": {
            "precision": 0.0,
            "recall": 0.0,
            "f1-score": 0.0,
            "support": 677.0
        },
        "I-LOC": {
            "precision": 0.0,
            "recall": 0.0,
            "f1-score": 0.0,
            "support": 6923.0
        },
        "I-MONEY": {
            "precision": 0.0,
            "recall": 0.0,
            "f1-score": 0.0,
            "support": 667.0
        },
        "I-NORP": {
            "precision": 0.0,
            "recall": 0.0,
            "f1-score": 0.0,
            "support": 4447.0
        },
        "I-ORDINAL": {
            "precision": 0.0,
            "recall": 0.0,
            "f1-score": 0.0,
            "support": 293.0
        },
        "I-ORG": {
            "precision": 0.5474397703223386,
            "recall": 0.008492779485145898,
            "f1-score": 0.01672589251076461,
            "support": 30261.0
        },
        "I-PERCENT": {
            "precision": 0.0,
            "recall": 0.0,
            "f1-score": 0.0,
            "support": 207.0
        },
        "I-PERSON": {
            "precision": 0.0,
            "recall": 0.0,
            "f1-score": 0.0,
            "support": 43711.0
        },
        "I-PRODUCT": {
            "precision": 0.0,
            "recall": 0.0,
            "f1-score": 0.0,
            "support": 3608.0
        },
        "I-QUANTITY": {
            "precision": 0.0,
            "recall": 0.0,
            "f1-score": 0.0,
            "support": 2136.0
        },
        "I-TIME": {
            "precision": 0.0,
            "recall": 0.0,
            "f1-score": 0.0,
            "support": 480.0
        },
        "I-TITLE": {
            "precision": 0.0,
            "recall": 0.0,
            "f1-score": 0.0,
            "support": 8269.0
        },
        "I-WORK_OF_ART": {
            "precision": 0.0,
            "recall": 0.0,
            "f1-score": 0.0,
            "support": 19068.0
        },
        "O": {
            "precision": 0.6829670405276763,
            "recall": 0.9895264967725582,
            "f1-score": 0.808150277064184,
            "support": 781114.0
        }
    },
    "training_duration_seconds": 178.47633004188538,
    "average_epochs": 16,
    "labels": [
        "B-CARDINAL",
        "B-DATE",
        "B-EVENT",
        "B-FAC",
        "B-GPE",
        "B-LANGUAGE",
        "B-LAW",
        "B-LOC",
        "B-MONEY",
        "B-NORP",
        "B-ORDINAL",
        "B-ORG",
        "B-PERCENT",
        "B-PERSON",
        "B-PRODUCT",
        "B-QUANTITY",
        "B-TIME",
        "B-TITLE",
        "B-WORK_OF_ART",
        "I-CARDINAL",
        "I-DATE",
        "I-EVENT",
        "I-FAC",
        "I-GPE",
        "I-LANGUAGE",
        "I-LAW",
        "I-LOC",
        "I-MONEY",
        "I-NORP",
        "I-ORDINAL",
        "I-ORG",
        "I-PERCENT",
        "I-PERSON",
        "I-PRODUCT",
        "I-QUANTITY",
        "I-TIME",
        "I-TITLE",
        "I-WORK_OF_ART",
        "O"
    ]
}