{
    "average_accuracy": 0.7493629014652573,
    "classification_report": {
        "B-CARDINAL": {
            "precision": 0.5326959288306521,
            "recall": 0.30430430430430433,
            "f1-score": 0.38633193378058867,
            "support": 999.0
        },
        "B-DATE": {
            "precision": 0.6543237476828775,
            "recall": 0.6100493880180373,
            "f1-score": 0.630950694029861,
            "support": 4657.0
        },
        "B-EVENT": {
            "precision": 0.3680864969707857,
            "recall": 0.04417767106842737,
            "f1-score": 0.07880788191778344,
            "support": 4165.0
        },
        "B-FAC": {
            "precision": 0.0,
            "recall": 0.0,
            "f1-score": 0.0,
            "support": 2399.0
        },
        "B-GPE": {
            "precision": 0.5105129358035319,
            "recall": 0.6417019095219787,
            "f1-score": 0.568629958896945,
            "support": 39015.0
        },
        "B-LANGUAGE": {
            "precision": 0.7226136519300441,
            "recall": 0.4359424359424359,
            "f1-score": 0.5413129029710206,
            "support": 2849.0
        },
        "B-LAW": {
            "precision": 0.0,
            "recall": 0.0,
            "f1-score": 0.0,
            "support": 204.0
        },
        "B-LOC": {
            "precision": 0.3143919685441775,
            "recall": 0.013581806696146557,
            "f1-score": 0.02573908144721636,
            "support": 3166.0
        },
        "B-MONEY": {
            "precision": 0.32661290322580644,
            "recall": 0.1774193548387097,
            "f1-score": 0.22779156327543423,
            "support": 62.0
        },
        "B-NORP": {
            "precision": 0.4914493522764912,
            "recall": 0.35093419983753044,
            "f1-score": 0.40883259458223975,
            "support": 12310.0
        },
        "B-ORDINAL": {
            "precision": 0.764691967374366,
            "recall": 0.7828402366863906,
            "f1-score": 0.7734641470375799,
            "support": 1690.0
        },
        "B-ORG": {
            "precision": 0.37150836930707415,
            "recall": 0.11931910734647337,
            "f1-score": 0.18053137750580064,
            "support": 12278.0
        },
        "B-PERCENT": {
            "precision": 0.6240331979939666,
            "recall": 0.4318181818181818,
            "f1-score": 0.5086134306859773,
            "support": 176.0
        },
        "B-PERSON": {
            "precision": 0.40253178697141895,
            "recall": 0.5657464710381753,
            "f1-score": 0.4702816488656971,
            "support": 28762.0
        },
        "B-PRODUCT": {
            "precision": 0.4492302256322245,
            "recall": 0.08772903942254304,
            "f1-score": 0.14637246146949828,
            "support": 1801.0
        },
        "B-QUANTITY": {
            "precision": 0.08449074074074074,
            "recall": 0.004629629629629629,
            "f1-score": 0.00877825877825878,
            "support": 216.0
        },
        "B-TIME": {
            "precision": 0.5369175627240143,
            "recall": 0.10752688172043011,
            "f1-score": 0.17279203701854257,
            "support": 93.0
        },
        "B-TITLE": {
            "precision": 0.3274839838871624,
            "recall": 0.04857397504456328,
            "f1-score": 0.0844927712664233,
            "support": 6732.0
        },
        "B-WORK_OF_ART": {
            "precision": 0.1744710603541385,
            "recall": 0.028265287271383707,
            "f1-score": 0.04844109909287833,
            "support": 5413.0
        },
        "I-CARDINAL": {
            "precision": 0.5611490551020787,
            "recall": 0.5666666666666667,
            "f1-score": 0.5605151038740774,
            "support": 270.0
        },
        "I-DATE": {
            "precision": 0.633499723966415,
            "recall": 0.46952237808951236,
            "f1-score": 0.5393138113017407,
            "support": 11976.0
        },
        "I-EVENT": {
            "precision": 0.5724306926087575,
            "recall": 0.33295821141871107,
            "f1-score": 0.42089482916681253,
            "support": 13329.0
        },
        "I-FAC": {
            "precision": 0.442647241146868,
            "recall": 0.10204962243797196,
            "f1-score": 0.16511416068985563,
            "support": 4635.0
        },
        "I-GPE": {
            "precision": 0.4225918636787625,
            "recall": 0.16413396839797384,
            "f1-score": 0.23633497550789842,
            "support": 13227.0
        },
        "I-LANGUAGE": {
            "precision": 0.056818181818181816,
            "recall": 0.005050505050505051,
            "f1-score": 0.00927643784786642,
            "support": 396.0
        },
        "I-LAW": {
            "precision": 0.5291302121596652,
            "recall": 0.08281573498964803,
            "f1-score": 0.14012910812812757,
            "support": 483.0
        },
        "I-LOC": {
            "precision": 0.45883749223519277,
            "recall": 0.0889288120368291,
            "f1-score": 0.14880010807245328,
            "support": 4453.0
        },
        "I-MONEY": {
            "precision": 0.7209206125682098,
            "recall": 0.20735785953177258,
            "f1-score": 0.31986848892310143,
            "support": 299.0
        },
        "I-NORP": {
            "precision": 0.19499271530767598,
            "recall": 0.007874015748031496,
            "f1-score": 0.015127825056530892,
            "support": 3175.0
        },
        "I-ORDINAL": {
            "precision": 0.0,
            "recall": 0.0,
            "f1-score": 0.0,
            "support": 127.0
        },
        "I-ORG": {
            "precision": 0.45294765318044133,
            "recall": 0.2617372124776809,
            "f1-score": 0.3316607843608096,
            "support": 19042.0
        },
        "I-PERCENT": {
            "precision": 0.0,
            "recall": 0.0,
            "f1-score": 0.0,
            "support": 46.0
        },
        "I-PERSON": {
            "precision": 0.31756839304278894,
            "recall": 0.27111679298694186,
            "f1-score": 0.29224653434781267,
            "support": 21902.0
        },
        "I-PRODUCT": {
            "precision": 0.29357377468754,
            "recall": 0.006526468455402465,
            "f1-score": 0.012688772064889296,
            "support": 1379.0
        },
        "I-QUANTITY": {
            "precision": 0.7842494866743964,
            "recall": 0.5485799701046338,
            "f1-score": 0.6452409521540297,
            "support": 669.0
        },
        "I-TIME": {
            "precision": 0.4517898281056176,
            "recall": 0.3492822966507177,
            "f1-score": 0.39340407250119075,
            "support": 209.0
        },
        "I-TITLE": {
            "precision": 0.3918112258596937,
            "recall": 0.08355410637864276,
            "f1-score": 0.1374395933714351,
            "support": 4907.0
        },
        "I-WORK_OF_ART": {
            "precision": 0.2759277197029633,
            "recall": 0.08085106382978724,
            "f1-score": 0.12505493073946883,
            "support": 6815.0
        },
        "O": {
            "precision": 0.8476487480794741,
            "recall": 0.9696095438223412,
            "f1-score": 0.9045361805814031,
            "support": 436387.0
        }
    },
    "training_duration_seconds": 6806.069513320923,
    "average_epochs": 225,