{
    "average_accuracy": 0.687011950290934,
    "classification_report": {
        "B-CARDINAL": {
            "precision": 0.40371688792775356,
            "recall": 0.21101364522417154,
            "f1-score": 0.276506444637197,
            "support": 4104.0
        },
        "B-DATE": {
            "precision": 0.5552228188828603,
            "recall": 0.7030285835874884,
            "f1-score": 0.6204016639419252,
            "support": 14099.0
        },
        "B-EVENT": {
            "precision": 0.4600733542159505,
            "recall": 0.02210282085724753,
            "f1-score": 0.04216598429099782,
            "support": 8189.0
        },
        "B-FAC": {
            "precision": 0.0,
            "recall": 0.0,
            "f1-score": 0.0,
            "support": 4086.0
        },
        "B-GPE": {
            "precision": 0.3605336561804086,
            "recall": 0.3257023754155685,
            "f1-score": 0.34210594855615467,
            "support": 58053.0
        },
        "B-LANGUAGE": {
            "precision": 0.7318012494420348,
            "recall": 0.0870256759827312,
            "f1-score": 0.15541396770761826,
            "support": 4401.0
        },
        "B-LAW": {
            "precision": 0.0,
            "recall": 0.0,
            "f1-score": 0.0,
            "support": 350.0
        },
        "B-LOC": {
            "precision": 0.0,
            "recall": 0.0,
            "f1-score": 0.0,
            "support": 5669.0
        },
        "B-MONEY": {
            "precision": 0.0,
            "recall": 0.0,
            "f1-score": 0.0,
            "support": 148.0
        },
        "B-NORP": {
            "precision": 0.37706115563136666,
            "recall": 0.09751549664869223,
            "f1-score": 0.15415372235948843,
            "support": 19843.0
        },
        "B-ORDINAL": {
            "precision": 0.5375901520072326,
            "recall": 0.19807162534435263,
            "f1-score": 0.28880043141188816,
            "support": 3630.0
        },
        "B-ORG": {
            "precision": 0.30771721685745707,
            "recall": 0.026692514166418133,
            "f1-score": 0.04907362672491171,
            "support": 20118.0
        },
        "B-PERCENT": {
            "precision": 0.9313823294016831,
            "recall": 0.2459396751740139,
            "f1-score": 0.38467728593341916,
            "support": 431.0
        },
        "B-PERSON": {
            "precision": 0.30877666350686345,
            "recall": 0.35341598115320744,
            "f1-score": 0.3293466863075861,
            "support": 51786.0
        },
        "B-PRODUCT": {
            "precision": 0.43413560079629915,
            "recall": 0.023276633840644583,
            "f1-score": 0.04396061774200769,
            "support": 3351.0
        },
        "B-QUANTITY": {
            "precision": 0.35024976943041597,
            "recall": 0.04773561811505508,
            "f1-score": 0.08147711224372223,
            "support": 817.0
        },
        "B-TIME": {
            "precision": 0.0,
            "recall": 0.0,
            "f1-score": 0.0,
            "support": 214.0
        },
        "B-TITLE": {
            "precision": 0.14234506048108064,
            "recall": 0.000989564591579705,
            "f1-score": 0.001965465519122728,
            "support": 11116.0
        },
        "B-WORK_OF_ART": {
            "precision": 0.2465863495239765,
            "recall": 0.005824859314838582,
            "f1-score": 0.011234508730693095,
            "support": 10129.0
        },
        "I-CARDINAL": {
            "precision": 0.05270921310890382,
            "recall": 0.028727770177838577,
            "f1-score": 0.037187481641251165,
            "support": 731.0
        },
        "I-DATE": {
            "precision": 0.6329791866120935,
            "recall": 0.14763481744960955,
            "f1-score": 0.23924845569632133,
            "support": 24459.0
        },
        "I-EVENT": {
            "precision": 0.4540919880095811,
            "recall": 0.13338695940191161,
            "f1-score": 0.20603244455348962,
            "support": 21134.0
        },
        "I-FAC": {
            "precision": 0.0,
            "recall": 0.0,
            "f1-score": 0.0,
            "support": 7199.0
        },
        "I-GPE": {
            "precision": 0.44784039097883444,
            "recall": 0.05154052936311001,
            "f1-score": 0.09241667052285327,
            "support": 19344.0
        },
        "I-LANGUAGE": {
            "precision": 0.0,
            "recall": 0.0,
            "f1-score": 0.0,
            "support": 645.0
        },
        "I-LAW": {
            "precision": 0.0,
            "recall": 0.0,
            "f1-score": 0.0,
            "support": 722.0
        },
        "I-LOC": {
            "precision": 0.6991614126939258,
            "recall": 0.014645577035735208,
            "f1-score": 0.02868565798070836,
            "support": 6828.0
        },
        "I-MONEY": {
            "precision": 0.0,
            "recall": 0.0,
            "f1-score": 0.0,
            "support": 596.0
        },
        "I-NORP": {
            "precision": 0.0,
            "recall": 0.0,
            "f1-score": 0.0,
            "support": 4681.0
        },
        "I-ORDINAL": {
            "precision": 0.0,
            "recall": 0.0,
            "f1-score": 0.0,
            "support": 234.0
        },
        "I-ORG": {
            "precision": 0.31442018321528836,
            "recall": 0.0821204015701532,
            "f1-score": 0.1301517333103129,
            "support": 28787.0
        },
        "I-PERCENT": {
            "precision": 0.0,
            "recall": 0.0,
            "f1-score": 0.0,
            "support": 118.0
        },
        "I-PERSON": {
            "precision": 0.2482263717054037,
            "recall": 0.07138799469797387,
            "f1-score": 0.11063125076503005,
            "support": 36967.0
        },
        "I-PRODUCT": {
            "precision": 0.0,
            "recall": 0.0,
            "f1-score": 0.0,
            "support": 2487.0
        },
        "I-QUANTITY": {
            "precision": 0.6121914443338611,
            "recall": 0.05739692805173808,
            "f1-score": 0.102398085758595,
            "support": 1237.0
        },
        "I-TIME": {
            "precision": 0.0,
            "recall": 0.0,
            "f1-score": 0.0,
            "support": 417.0
        },
        "I-TITLE": {
            "precision": 0.0,
            "recall": 0.0,
            "f1-score": 0.0,
            "support": 7755.0
        },
        "I-WORK_OF_ART": {
            "precision": 0.2675888427854404,
            "recall": 0.02592758158247653,
            "f1-score": 0.04720309334180698,
            "support": 13422.0
        },
        "O": {
            "precision": 0.7468663966121134,
            "recall": 0.9819086456573823,
            "f1-score": 0.8484088554448158,
            "support": 707465.0
        }
    },
    "training_duration_seconds": 507.78139638900757,
    "average_epochs": 50,
    "labels": [
        "B-CARDINAL",
        "B-DATE",
        "B-EVENT",
        "B-FAC",
        "B-GPE",
        "B-LANGUAGE",
        "B-LAW",
        "B-LOC",
        "B-MONEY",
        "B-NORP",
        "B-ORDINAL",
        "B-ORG",
        "B-PERCENT",
        "B-PERSON",
        "B-PRODUCT",
        "B-QUANTITY",
        "B-TIME",
        "B-TITLE",
        "B-WORK_OF_ART",
        "I-CARDINAL",
        "I-DATE",
        "I-EVENT",
        "I-FAC",
        "I-GPE",
        "I-LANGUAGE",
        "I-LAW",
        "I-LOC",
        "I-MONEY",
        "I-NORP",
        "I-ORDINAL",
        "I-ORG",
        "I-PERCENT",
        "I-PERSON",
        "I-PRODUCT",
        "I-QUANTITY",
        "I-TIME",
        "I-TITLE",
        "I-WORK_OF_ART",
        "O"
    ]
}