{
    "average_accuracy": 0.7295516265760656,
    "classification_report": {
        "B-CARDINAL": {
            "precision": 0.4912805952420987,
            "recall": 0.5713983499048022,
            "f1-score": 0.5279643332900312,
            "support": 4727.0
        },
        "B-DATE": {
            "precision": 0.5697005803233491,
            "recall": 0.7023643949930459,
            "f1-score": 0.6290557172879938,
            "support": 7190.0
        },
        "B-EVENT": {
            "precision": 0.4852821243778595,
            "recall": 0.030946383591219862,
            "f1-score": 0.05810004752262707,
            "support": 2779.0
        },
        "B-FAC": {
            "precision": 0.0,
            "recall": 0.0,
            "f1-score": 0.0,
            "support": 1487.0
        },
        "B-GPE": {
            "precision": 0.4455518997170143,
            "recall": 0.4780026244906416,
            "f1-score": 0.4610979193969712,
            "support": 14479.0
        },
        "B-LANGUAGE": {
            "precision": 0.7700079922401751,
            "recall": 0.4425770308123249,
            "f1-score": 0.560510027600051,
            "support": 1071.0
        },
        "B-LAW": {
            "precision": 0.0,
            "recall": 0.0,
            "f1-score": 0.0,
            "support": 109.0
        },
        "B-LOC": {
            "precision": 0.37313888599785444,
            "recall": 0.03099273607748184,
            "f1-score": 0.057230195864709364,
            "support": 2065.0
        },
        "B-MONEY": {
            "precision": 0.0,
            "recall": 0.0,
            "f1-score": 0.0,
            "support": 125.0
        },
        "B-NORP": {
            "precision": 0.6417926049222108,
            "recall": 0.46161677866015066,
            "f1-score": 0.5369387971953431,
            "support": 4911.0
        },
        "B-ORDINAL": {
            "precision": 0.6861015069705024,
            "recall": 0.5336109458655562,
            "f1-score": 0.6002629185124302,
            "support": 1681.0
        },
        "B-ORG": {
            "precision": 0.3597833975329586,
            "recall": 0.16350227522359956,
            "f1-score": 0.2238657758628142,
            "support": 6373.0
        },
        "B-PERCENT": {
            "precision": 0.8896989036164293,
            "recall": 0.41237113402061853,
            "f1-score": 0.5620246131575151,
            "support": 291.0
        },
        "B-PERSON": {
            "precision": 0.39260008801669677,
            "recall": 0.5452982547538422,
            "f1-score": 0.45646886925295144,
            "support": 19195.0
        },
        "B-PRODUCT": {
            "precision": 0.43890891174338525,
            "recall": 0.06451612903225806,
            "f1-score": 0.11230759332027508,
            "support": 1550.0
        },
        "B-QUANTITY": {
            "precision": 0.0,
            "recall": 0.0,
            "f1-score": 0.0,
            "support": 817.0
        },
        "B-TIME": {
            "precision": 0.0,
            "recall": 0.0,
            "f1-score": 0.0,
            "support": 164.0
        },
        "B-TITLE": {
            "precision": 0.34616481347897116,
            "recall": 0.0519237952932387,
            "f1-score": 0.08980448656846671,
            "support": 2677.0
        },
        "B-WORK_OF_ART": {
            "precision": 0.4069865872717895,
            "recall": 0.04586946599726152,
            "f1-score": 0.08243461138532371,
            "support": 4382.0
        },
        "I-CARDINAL": {
            "precision": 0.2988021982274856,
            "recall": 0.06712962962962964,
            "f1-score": 0.1090542155058284,
            "support": 432.0
        },
        "I-DATE": {
            "precision": 0.6810233818434304,
            "recall": 0.4023506901735684,
            "f1-score": 0.5057892036708218,
            "support": 7317.0
        },
        "I-EVENT": {
            "precision": 0.5573822399154037,
            "recall": 0.3356245090337785,
            "f1-score": 0.41876259427712165,
            "support": 5092.0
        },
        "I-FAC": {
            "precision": 0.6269296888235961,
            "recall": 0.12531839021905247,
            "f1-score": 0.20756822844774747,
            "support": 1963.0
        },
        "I-GPE": {
            "precision": 0.5450723340455788,
            "recall": 0.107393638992152,
            "f1-score": 0.17927967552451068,
            "support": 4842.0
        },
        "I-LANGUAGE": {
            "precision": 0.0,
            "recall": 0.0,
            "f1-score": 0.0,
            "support": 186.0
        },
        "I-LAW": {
            "precision": 0.11180124223602485,
            "recall": 0.006211180124223602,
            "f1-score": 0.011768551814318405,
            "support": 161.0
        },
        "I-LOC": {
            "precision": 0.663650798947969,
            "recall": 0.14527421236872812,
            "f1-score": 0.23809614248825745,
            "support": 1714.0
        },
        "I-MONEY": {
            "precision": 0.4912621359223301,
            "recall": 0.1553398058252427,
            "f1-score": 0.20827237664583056,
            "support": 206.0
        },
        "I-NORP": {
            "precision": 0.2551213599527182,
            "recall": 0.010027347310847767,
            "f1-score": 0.019288311600946913,
            "support": 1097.0
        },
        "I-ORDINAL": {
            "precision": 0.0,
            "recall": 0.0,
            "f1-score": 0.0,
            "support": 79.0
        },
        "I-ORG": {
            "precision": 0.4785483904506123,
            "recall": 0.29221236445571047,
            "f1-score": 0.36201166792458506,
            "support": 7101.0
        },
        "I-PERCENT": {
            "precision": 0.0,
            "recall": 0.0,
            "f1-score": 0.0,
            "support": 76.0
        },
        "I-PERSON": {
            "precision": 0.2548173222915629,
            "recall": 0.20794701986754968,
            "f1-score": 0.2287385031093882,
            "support": 15100.0
        },
        "I-PRODUCT": {
            "precision": 0.04422050978067576,
            "recall": 0.0016597510373443983,
            "f1-score": 0.003199416728317626,
            "support": 1205.0
        },
        "I-QUANTITY": {
            "precision": 0.9648252781369665,
            "recall": 0.38257575757575757,
            "f1-score": 0.5478841748550233,
            "support": 792.0
        },
        "I-TIME": {
            "precision": 0.0,
            "recall": 0.0,
            "f1-score": 0.0,
            "support": 151.0
        },
        "I-TITLE": {
            "precision": 0.5596307655820542,
            "recall": 0.08006535947712418,
            "f1-score": 0.13927385343288015,
            "support": 1836.0
        },
        "I-WORK_OF_ART": {
            "precision": 0.338903857008366,
            "recall": 0.2518832391713748,
            "f1-score": 0.28843157950680975,
            "support": 6372.0
        },
        "O": {
            "precision": 0.8390578983019613,
            "recall": 0.9678569325475737,
            "f1-score": 0.8988648536799909,
            "support": 220763.0
        }
    },
    "training_duration_seconds": 100.75734043121338,
    "average_epochs": 27,