{
    "average_accuracy": 0.6644396179392092,
    "classification_report": {
        "B-CARDINAL": {
            "precision": 0.30966304961112084,
            "recall": 0.040059347181008904,
            "f1-score": 0.07072609893087803,
            "support": 7414.0
        },
        "B-DATE": {
            "precision": 0.49772071018989317,
            "recall": 0.7529726516052319,
            "f1-score": 0.5992714658835488,
            "support": 20184.0
        },
        "B-EVENT": {
            "precision": 0.18443993851406465,
            "recall": 0.0034383954154727794,
            "f1-score": 0.0067391745396329535,
            "support": 10470.0
        },
        "B-FAC": {
            "precision": 0.0,
            "recall": 0.0,
            "f1-score": 0.0,
            "support": 4974.0
        },
        "B-GPE": {
            "precision": 0.30493568933180976,
            "recall": 0.16425833087584782,
            "f1-score": 0.2134429650127468,
            "support": 67820.0
        },
        "B-LANGUAGE": {
            "precision": 0.5113936604094866,
            "recall": 0.032401157184185146,
            "f1-score": 0.06093406919261327,
            "support": 5185.0
        },
        "B-LAW": {
            "precision": 0.0,
            "recall": 0.0,
            "f1-score": 0.0,
            "support": 427.0
        },
        "B-LOC": {
            "precision": 0.0,
            "recall": 0.0,
            "f1-score": 0.0,
            "support": 6984.0
        },
        "B-MONEY": {
            "precision": 0.0,
            "recall": 0.0,
            "f1-score": 0.0,
            "support": 230.0
        },
        "B-NORP": {
            "precision": 0.2734870608807486,
            "recall": 0.012621892017392038,
            "f1-score": 0.02398938625354663,
            "support": 23689.0
        },
        "B-ORDINAL": {
            "precision": 0.41635556202508406,
            "recall": 0.08339709257842387,
            "f1-score": 0.13893492232969412,
            "support": 5228.0
        },
        "B-ORG": {
            "precision": 0.3339652589471765,
            "recall": 0.04577652213077837,
            "f1-score": 0.08046745744569958,
            "support": 24423.0
        },
        "B-PERCENT": {
            "precision": 0.9933414043583535,
            "recall": 0.2440677966101695,
            "f1-score": 0.3916981169575061,
            "support": 590.0
        },
        "B-PERSON": {
            "precision": 0.2477602877477516,
            "recall": 0.21216436126932464,
            "f1-score": 0.22856326832732793,
            "support": 63908.0
        },
        "B-PRODUCT": {
            "precision": 0.4464655311153779,
            "recall": 0.008960150907804764,
            "f1-score": 0.01751288343059564,
            "support": 4241.0
        },
        "B-QUANTITY": {
            "precision": 0.2507431838714867,
            "recall": 0.005891016200294551,
            "f1-score": 0.011253597623715486,
            "support": 1358.0
        },
        "B-TIME": {
            "precision": 0.0,
            "recall": 0.0,
            "f1-score": 0.0,
            "support": 320.0
        },
        "B-TITLE": {
            "precision": 0.0,
            "recall": 0.0,
            "f1-score": 0.0,
            "support": 13404.0
        },
        "B-WORK_OF_ART": {
            "precision": 0.0,
            "recall": 0.0,
            "f1-score": 0.0,
            "support": 12859.0
        },
        "I-CARDINAL": {
            "precision": 0.0,
            "recall": 0.0,
            "f1-score": 0.0,
            "support": 1032.0
        },
        "I-DATE": {
            "precision": 0.4113162987360035,
            "recall": 0.035162374020156775,
            "f1-score": 0.06478450993012806,
            "support": 31255.0
        },
        "I-EVENT": {
            "precision": 0.2993353446531955,
            "recall": 0.05417669573452236,
            "f1-score": 0.09161309326829305,
            "support": 25343.0
        },
        "I-FAC": {
            "precision": 0.0,
            "recall": 0.0,
            "f1-score": 0.0,
            "support": 8575.0
        },
        "I-GPE": {
            "precision": 0.3865936610564001,
            "recall": 0.018230895172352757,
            "f1-score": 0.03481386059537438,
            "support": 22599.0
        },
        "I-LANGUAGE": {
            "precision": 0.0,
            "recall": 0.0,
            "f1-score": 0.0,
            "support": 778.0
        },
        "I-LAW": {
            "precision": 0.0,
            "recall": 0.0,
            "f1-score": 0.0,
            "support": 851.0
        },
        "I-LOC": {
            "precision": 0.0,
            "recall": 0.0,
            "f1-score": 0.0,
            "support": 8074.0
        },
        "I-MONEY": {
            "precision": 0.0,
            "recall": 0.0,
            "f1-score": 0.0,
            "support": 755.0
        },
        "I-NORP": {
            "precision": 0.0,
            "recall": 0.0,
            "f1-score": 0.0,
            "support": 5464.0
        },
        "I-ORDINAL": {
            "precision": 0.0,
            "recall": 0.0,
            "f1-score": 0.0,
            "support": 301.0
        },
        "I-ORG": {
            "precision": 0.3111938946083249,
            "recall": 0.015108399096429723,
            "f1-score": 0.028734515597161194,
            "support": 34087.0
        },
        "I-PERCENT": {
            "precision": 0.0,
            "recall": 0.0,
            "f1-score": 0.0,
            "support": 164.0
        },
        "I-PERSON": {
            "precision": 0.23837756395811857,
            "recall": 0.025698447893569846,
            "f1-score": 0.04635794581029846,
            "support": 45100.0
        },
        "I-PRODUCT": {
            "precision": 0.0,
            "recall": 0.0,
            "f1-score": 0.0,
            "support": 3208.0
        },
        "I-QUANTITY": {
            "precision": 0.6525863353016407,
            "recall": 0.019661387220098307,
            "f1-score": 0.037990369229031415,
            "support": 1831.0
        },
        "I-TIME": {
            "precision": 0.0,
            "recall": 0.0,
            "f1-score": 0.0,
            "support": 547.0
        },
        "I-TITLE": {
            "precision": 0.0,
            "recall": 0.0,
            "f1-score": 0.0,
            "support": 9297.0
        },
        "I-WORK_OF_ART": {
            "precision": 0.09927130347021106,
            "recall": 0.0005689576695493855,
            "f1-score": 0.001131097523839139,
            "support": 17576.0
        },
        "O": {
            "precision": 0.7047242630592503,
            "recall": 0.9876149941076202,
            "f1-score": 0.8225242859731443,
            "support": 862979.0
        }
    },
    "training_duration_seconds": 344.30174446105957,
    "average_epochs": 28,
    "labels": [
        "B-CARDINAL",
        "B-DATE",
        "B-EVENT",
        "B-FAC",
        "B-GPE",
        "B-LANGUAGE",
        "B-LAW",
        "B-LOC",
        "B-MONEY",
        "B-NORP",
        "B-ORDINAL",
        "B-ORG",
        "B-PERCENT",
        "B-PERSON",
        "B-PRODUCT",
        "B-QUANTITY",
        "B-TIME",
        "B-TITLE",
        "B-WORK_OF_ART",
        "I-CARDINAL",
        "I-DATE",
        "I-EVENT",
        "I-FAC",
        "I-GPE",
        "I-LANGUAGE",
        "I-LAW",
        "I-LOC",
        "I-MONEY",
        "I-NORP",
        "I-ORDINAL",
        "I-ORG",
        "I-PERCENT",
        "I-PERSON",
        "I-PRODUCT",
        "I-QUANTITY",
        "I-TIME",
        "I-TITLE",
        "I-WORK_OF_ART",
        "O"
    ]
}