{
    "average_accuracy": 0.7720891904075788,
    "classification_report": {
        "B-CARDINAL": {
            "precision": 0.5306788008104879,
            "recall": 0.5021865889212828,
            "f1-score": 0.5130420635047097,
            "support": 4116.0
        },
        "B-DATE": {
            "precision": 0.5932028431374252,
            "recall": 0.6484517304189436,
            "f1-score": 0.6192110747342311,
            "support": 6588.0
        },
        "B-EVENT": {
            "precision": 0.3579414099893265,
            "recall": 0.06675392670157068,
            "f1-score": 0.11129220565161291,
            "support": 2292.0
        },
        "B-FAC": {
            "precision": 0.0,
            "recall": 0.0,
            "f1-score": 0.0,
            "support": 895.0
        },
        "B-GPE": {
            "precision": 0.5247387955937965,
            "recall": 0.590690537084399,
            "f1-score": 0.5555077811790409,
            "support": 9775.0
        },
        "B-LANGUAGE": {
            "precision": 0.8604061435130654,
            "recall": 0.5331632653061225,
            "f1-score": 0.657137596275388,
            "support": 784.0
        },
        "B-LAW": {
            "precision": 0.0,
            "recall": 0.0,
            "f1-score": 0.0,
            "support": 77.0
        },
        "B-LOC": {
            "precision": 0.3411185671973544,
            "recall": 0.05922551252847381,
            "f1-score": 0.10058626750339031,
            "support": 1317.0
        },
        "B-MONEY": {
            "precision": 0.0,
            "recall": 0.0,
            "f1-score": 0.0,
            "support": 97.0
        },
        "B-NORP": {
            "precision": 0.7386676825003251,
            "recall": 0.5279438523524824,
            "f1-score": 0.6156827833476188,
            "support": 3847.0
        },
        "B-ORDINAL": {
            "precision": 0.687130091891563,
            "recall": 0.6334164588528678,
            "f1-score": 0.6491311240264025,
            "support": 1604.0
        },
        "B-ORG": {
            "precision": 0.42038060116376536,
            "recall": 0.14731009004848764,
            "f1-score": 0.2172170063682239,
            "support": 4331.0
        },
        "B-PERCENT": {
            "precision": 0.890172558922559,
            "recall": 0.12777777777777777,
            "f1-score": 0.2188238147110696,
            "support": 180.0
        },
        "B-PERSON": {
            "precision": 0.5641930508182957,
            "recall": 0.5260601070399341,
            "f1-score": 0.5420058614840654,
            "support": 12145.0
        },
        "B-PRODUCT": {
            "precision": 0.4302285977781452,
            "recall": 0.1263498920086393,
            "f1-score": 0.19310446665304656,
            "support": 926.0
        },
        "B-QUANTITY": {
            "precision": 0.279328011906517,
            "recall": 0.03865546218487395,
            "f1-score": 0.06454066258570564,
            "support": 595.0
        },
        "B-TIME": {
            "precision": 0.0,
            "recall": 0.0,
            "f1-score": 0.0,
            "support": 125.0
        },
        "B-TITLE": {
            "precision": 0.4311125986679949,
            "recall": 0.1390467861827722,
            "f1-score": 0.20971091818690812,
            "support": 2287.0
        },
        "B-WORK_OF_ART": {
            "precision": 0.419878248291671,
            "recall": 0.0962432915921288,
            "f1-score": 0.15212455433079664,
            "support": 2795.0
        },
        "I-CARDINAL": {
            "precision": 0.23385213521352136,
            "recall": 0.07178217821782178,
            "f1-score": 0.10515224018316795,
            "support": 404.0
        },
        "I-DATE": {
            "precision": 0.6538742620656712,
            "recall": 0.44812617566198815,
            "f1-score": 0.5190823406543619,
            "support": 6911.0
        },
        "I-EVENT": {
            "precision": 0.5627361761901613,
            "recall": 0.4056865464632455,
            "f1-score": 0.4698468355183665,
            "support": 4326.0
        },
        "I-FAC": {
            "precision": 0.49280464928540463,
            "recall": 0.164200140944327,
            "f1-score": 0.24469474568097532,
            "support": 1419.0
        },
        "I-GPE": {
            "precision": 0.49246831288447634,
            "recall": 0.13530891808778306,
            "f1-score": 0.20735075816628568,
            "support": 3577.0
        },
        "I-LANGUAGE": {
            "precision": 0.29285714285714287,
            "recall": 0.05,
            "f1-score": 0.08405139833711261,
            "support": 140.0
        },
        "I-LAW": {
            "precision": 0.3814814814814815,
            "recall": 0.044444444444444446,
            "f1-score": 0.0754322357873967,
            "support": 135.0
        },
        "I-LOC": {
            "precision": 0.5319095856650832,
            "recall": 0.1970404984423676,
            "f1-score": 0.2867081364091841,
            "support": 1284.0
        },
        "I-MONEY": {
            "precision": 0.5817184590557372,
            "recall": 0.4437869822485207,
            "f1-score": 0.49385135865950447,
            "support": 169.0
        },
        "I-NORP": {
            "precision": 0.09987623762376238,
            "recall": 0.007425742574257425,
            "f1-score": 0.011750838226828713,
            "support": 808.0
        },
        "I-ORDINAL": {
            "precision": 0.0,
            "recall": 0.0,
            "f1-score": 0.0,
            "support": 73.0
        },
        "I-ORG": {
            "precision": 0.46962132973136866,
            "recall": 0.3383309248554913,
            "f1-score": 0.39254599567481147,
            "support": 5536.0
        },
        "I-PERCENT": {
            "precision": 0.0,
            "recall": 0.0,
            "f1-score": 0.0,
            "support": 54.0
        },
        "I-PERSON": {
            "precision": 0.35686279404554333,
            "recall": 0.11678057977845864,
            "f1-score": 0.16928300655799733,
            "support": 8486.0
        },
        "I-PRODUCT": {
            "precision": 0.1939288758863258,
            "recall": 0.02306805074971165,
            "f1-score": 0.04064772534573975,
            "support": 867.0
        },
        "I-QUANTITY": {
            "precision": 0.9335259097796514,
            "recall": 0.5,
            "f1-score": 0.6509046552161156,
            "support": 676.0
        },
        "I-TIME": {
            "precision": 0.2196969696969697,
            "recall": 0.10606060606060606,
            "f1-score": 0.14093114093114095,
            "support": 132.0
        },
        "I-TITLE": {
            "precision": 0.5031865151747286,
            "recall": 0.16387337057728119,
            "f1-score": 0.24045949402997469,
            "support": 1611.0
        },
        "I-WORK_OF_ART": {
            "precision": 0.39099378471212787,
            "recall": 0.38387096774193546,
            "f1-score": 0.38429954653853377,
            "support": 4650.0
        },
        "O": {
            "precision": 0.8402299123252761,
            "recall": 0.9743275969335027,
            "f1-score": 0.9023132243127107,
            "support": 194489.0
        }
    },
    "training_duration_seconds": 45.36424779891968,
    "average_epochs": 1,