{
    "average_accuracy": 0.684778968758077,
    "classification_report": {
        "B-CARDINAL": {
            "precision": 0.4187954464547656,
            "recall": 0.2989766081871345,
            "f1-score": 0.32304772847733504,
            "support": 4104.0
        },
        "B-DATE": {
            "precision": 0.5144502331292423,
            "recall": 0.6701184481168877,
            "f1-score": 0.5773921104410117,
            "support": 14099.0
        },
        "B-EVENT": {
            "precision": 0.37129451462022833,
            "recall": 0.0319941384784467,
            "f1-score": 0.058829923195458204,
            "support": 8189.0
        },
        "B-FAC": {
            "precision": 0.0,
            "recall": 0.0,
            "f1-score": 0.0,
            "support": 4086.0
        },
        "B-GPE": {
            "precision": 0.3494544553207026,
            "recall": 0.3038602656193478,
            "f1-score": 0.3238789455015873,
            "support": 58053.0
        },
        "B-LANGUAGE": {
            "precision": 0.5718156182732305,
            "recall": 0.152692569870484,
            "f1-score": 0.23992878162058043,
            "support": 4401.0
        },
        "B-LAW": {
            "precision": 0.0,
            "recall": 0.0,
            "f1-score": 0.0,
            "support": 350.0
        },
        "B-LOC": {
            "precision": 0.0312812371376492,
            "recall": 0.0003527959075674722,
            "f1-score": 0.0006977227614345547,
            "support": 5669.0
        },
        "B-MONEY": {
            "precision": 0.0,
            "recall": 0.0,
            "f1-score": 0.0,
            "support": 148.0
        },
        "B-NORP": {
            "precision": 0.3308750932430993,
            "recall": 0.1237716071158595,
            "f1-score": 0.1745858901916593,
            "support": 19843.0
        },
        "B-ORDINAL": {
            "precision": 0.4998826137994001,
            "recall": 0.4933884297520661,
            "f1-score": 0.4764578777718477,
            "support": 3630.0
        },
        "B-ORG": {
            "precision": 0.26127784568726814,
            "recall": 0.02594691321204891,
            "f1-score": 0.046940933182972835,
            "support": 20118.0
        },
        "B-PERCENT": {
            "precision": 0.6403033663364078,
            "recall": 0.3805104408352668,
            "f1-score": 0.4748971188873277,
            "support": 431.0
        },
        "B-PERSON": {
            "precision": 0.3116130695527555,
            "recall": 0.3286795659058433,
            "f1-score": 0.3096091526705358,
            "support": 51786.0
        },
        "B-PRODUCT": {
            "precision": 0.33543464069187556,
            "recall": 0.03849597135183527,
            "f1-score": 0.06869995499434958,
            "support": 3351.0
        },
        "B-QUANTITY": {
            "precision": 0.2829581703722082,
            "recall": 0.0795593635250918,
            "f1-score": 0.1149005981682018,
            "support": 817.0
        },
        "B-TIME": {
            "precision": 0.4766355140186916,
            "recall": 0.06074766355140187,
            "f1-score": 0.10760356531713647,
            "support": 214.0
        },
        "B-TITLE": {
            "precision": 0.13557394294583047,
            "recall": 0.00872616048938467,
            "f1-score": 0.016134518231207717,
            "support": 11116.0
        },
        "B-WORK_OF_ART": {
            "precision": 0.3109943423080307,
            "recall": 0.020337644387402508,
            "f1-score": 0.03644907688561588,
            "support": 10129.0
        },
        "I-CARDINAL": {
            "precision": 0.21156293400255205,
            "recall": 0.09439124487004104,
            "f1-score": 0.12609887180604049,
            "support": 731.0
        },
        "I-DATE": {
            "precision": 0.5247648421120544,
            "recall": 0.21750684819493846,
            "f1-score": 0.2967048805277021,
            "support": 24459.0
        },
        "I-EVENT": {
            "precision": 0.435200233779686,
            "recall": 0.15179331882275007,
            "f1-score": 0.22502650885522305,
            "support": 21134.0
        },
        "I-FAC": {
            "precision": 0.1528849906402344,
            "recall": 0.0022225309070704265,
            "f1-score": 0.00436989774532988,
            "support": 7199.0
        },
        "I-GPE": {
            "precision": 0.40200295551480497,
            "recall": 0.03716914805624483,
            "f1-score": 0.06646037926334812,
            "support": 19344.0
        },
        "I-LANGUAGE": {
            "precision": 0.0,
            "recall": 0.0,
            "f1-score": 0.0,
            "support": 645.0
        },
        "I-LAW": {
            "precision": 0.0,
            "recall": 0.0,
            "f1-score": 0.0,
            "support": 722.0
        },
        "I-LOC": {
            "precision": 0.44702021048906354,
            "recall": 0.022847100175746926,
            "f1-score": 0.043287043274804225,
            "support": 6828.0
        },
        "I-MONEY": {
            "precision": 0.20973154362416108,
            "recall": 0.0016778523489932886,
            "f1-score": 0.0033290721210184294,
            "support": 596.0
        },
        "I-NORP": {
            "precision": 0.0,
            "recall": 0.0,
            "f1-score": 0.0,
            "support": 4681.0
        },
        "I-ORDINAL": {
            "precision": 0.0,
            "recall": 0.0,
            "f1-score": 0.0,
            "support": 234.0
        },
        "I-ORG": {
            "precision": 0.3284702383365334,
            "recall": 0.09438288116163546,
            "f1-score": 0.1402686141242354,
            "support": 28787.0
        },
        "I-PERCENT": {
            "precision": 0.0,
            "recall": 0.0,
            "f1-score": 0.0,
            "support": 118.0
        },
        "I-PERSON": {
            "precision": 0.22241168097145733,
            "recall": 0.10476911840289989,
            "f1-score": 0.11005200882316465,
            "support": 36967.0
        },
        "I-PRODUCT": {
            "precision": 0.0,
            "recall": 0.0,
            "f1-score": 0.0,
            "support": 2487.0
        },
        "I-QUANTITY": {
            "precision": 0.4249235584322636,
            "recall": 0.21341956345998384,
            "f1-score": 0.27890508465103087,
            "support": 1237.0
        },
        "I-TIME": {
            "precision": 0.4523833564727166,
            "recall": 0.07913669064748201,
            "f1-score": 0.13452003379103167,
            "support": 417.0
        },
        "I-TITLE": {
            "precision": 0.0,
            "recall": 0.0,
            "f1-score": 0.0,
            "support": 7755.0
        },
        "I-WORK_OF_ART": {
            "precision": 0.2691213964991812,
            "recall": 0.037773804202056324,
            "f1-score": 0.06456793934275533,
            "support": 13422.0
        },
        "O": {
            "precision": 0.756409117486648,
            "recall": 0.9733456778780576,
            "f1-score": 0.8512661126232983,
            "support": 707465.0
        }
    },
    "training_duration_seconds": 52.423736810684204,
    "average_epochs": 1,