{
    "average_accuracy": 0.7684083710394249,
    "classification_report": {
        "B-CARDINAL": {
            "precision": 0.5357714731350681,
            "recall": 0.49538386783284744,
            "f1-score": 0.5145644618853019,
            "support": 4116.0
        },
        "B-DATE": {
            "precision": 0.5978222472358203,
            "recall": 0.6692471159684275,
            "f1-score": 0.6310700378794805,
            "support": 6588.0
        },
        "B-EVENT": {
            "precision": 0.342542303597456,
            "recall": 0.04144851657940663,
            "f1-score": 0.07335434504815291,
            "support": 2292.0
        },
        "B-FAC": {
            "precision": 0.0,
            "recall": 0.0,
            "f1-score": 0.0,
            "support": 895.0
        },
        "B-GPE": {
            "precision": 0.5178373355684542,
            "recall": 0.5429156010230178,
            "f1-score": 0.5298581940692466,
            "support": 9775.0
        },
        "B-LANGUAGE": {
            "precision": 0.8911057682362237,
            "recall": 0.5,
            "f1-score": 0.6403058270647768,
            "support": 784.0
        },
        "B-LAW": {
            "precision": 0.0,
            "recall": 0.0,
            "f1-score": 0.0,
            "support": 77.0
        },
        "B-LOC": {
            "precision": 0.31062537184405065,
            "recall": 0.030372057706909643,
            "f1-score": 0.05515424242803785,
            "support": 1317.0
        },
        "B-MONEY": {
            "precision": 0.0,
            "recall": 0.0,
            "f1-score": 0.0,
            "support": 97.0
        },
        "B-NORP": {
            "precision": 0.714760314474427,
            "recall": 0.5124740124740125,
            "f1-score": 0.5967644609972794,
            "support": 3848.0
        },
        "B-ORDINAL": {
            "precision": 0.7124629213935231,
            "recall": 0.571072319201995,
            "f1-score": 0.6335553941836151,
            "support": 1604.0
        },
        "B-ORG": {
            "precision": 0.4229994095316724,
            "recall": 0.12560609558993305,
            "f1-score": 0.19360953261421146,
            "support": 4331.0
        },
        "B-PERCENT": {
            "precision": 0.9005555555555556,
            "recall": 0.1111111111111111,
            "f1-score": 0.19764437285659697,
            "support": 180.0
        },
        "B-PERSON": {
            "precision": 0.5403366575184922,
            "recall": 0.5391075251111477,
            "f1-score": 0.539522724020592,
            "support": 12146.0
        },
        "B-PRODUCT": {
            "precision": 0.37033746887194463,
            "recall": 0.07019438444924406,
            "f1-score": 0.1176002481995824,
            "support": 926.0
        },
        "B-QUANTITY": {
            "precision": 0.16134453781512606,
            "recall": 0.0016806722689075631,
            "f1-score": 0.0033266915013428055,
            "support": 595.0
        },
        "B-TIME": {
            "precision": 0.0,
            "recall": 0.0,
            "f1-score": 0.0,
            "support": 125.0
        },
        "B-TITLE": {
            "precision": 0.48446837867311165,
            "recall": 0.0891218872870249,
            "f1-score": 0.15044820279936144,
            "support": 2289.0
        },
        "B-WORK_OF_ART": {
            "precision": 0.4837181981261476,
            "recall": 0.06797853309481217,
            "f1-score": 0.11916519966824464,
            "support": 2795.0
        },
        "I-CARDINAL": {
            "precision": 0.3791559421596809,
            "recall": 0.1311881188118812,
            "f1-score": 0.18838052335327665,
            "support": 404.0
        },
        "I-DATE": {
            "precision": 0.6937381446386184,
            "recall": 0.4115178700622196,
            "f1-score": 0.5144816642623399,
            "support": 6911.0
        },
        "I-EVENT": {
            "precision": 0.5572622106448804,
            "recall": 0.3550624133148405,
            "f1-score": 0.4336289312376615,
            "support": 4326.0
        },
        "I-FAC": {
            "precision": 0.5536248382557786,
            "recall": 0.11698379140239605,
            "f1-score": 0.19249322779293135,
            "support": 1419.0
        },
        "I-GPE": {
            "precision": 0.5255413191163024,
            "recall": 0.10930947721554375,
            "f1-score": 0.17966989077648934,
            "support": 3577.0
        },
        "I-LANGUAGE": {
            "precision": 0.0,
            "recall": 0.0,
            "f1-score": 0.0,
            "support": 140.0
        },
        "I-LAW": {
            "precision": 0.6691358024691357,
            "recall": 0.05185185185185185,
            "f1-score": 0.09609519021283727,
            "support": 135.0
        },
        "I-LOC": {
            "precision": 0.6410880442636977,
            "recall": 0.1440809968847352,
            "f1-score": 0.23475548587140857,
            "support": 1284.0
        },
        "I-MONEY": {
            "precision": 0.6715832122051434,
            "recall": 0.2781065088757396,
            "f1-score": 0.3538165432724857,
            "support": 169.0
        },
        "I-NORP": {
            "precision": 0.06776391924906776,
            "recall": 0.006188118811881188,
            "f1-score": 0.011321553515002232,
            "support": 808.0
        },
        "I-ORDINAL": {
            "precision": 0.0,
            "recall": 0.0,
            "f1-score": 0.0,
            "support": 73.0
        },
        "I-ORG": {
            "precision": 0.46013528049378016,
            "recall": 0.32677023121387283,
            "f1-score": 0.3817714683417617,
            "support": 5536.0
        },
        "I-PERCENT": {
            "precision": 0.0,
            "recall": 0.0,
            "f1-score": 0.0,
            "support": 54.0
        },
        "I-PERSON": {
            "precision": 0.308633222571143,
            "recall": 0.05266258246936852,
            "f1-score": 0.0897305243530811,
            "support": 8488.0
        },
        "I-PRODUCT": {
            "precision": 0.0,
            "recall": 0.0,
            "f1-score": 0.0,
            "support": 867.0
        },
        "I-QUANTITY": {
            "precision": 0.9780375860739895,
            "recall": 0.4541420118343195,
            "f1-score": 0.6199927890917608,
            "support": 676.0
        },
        "I-TIME": {
            "precision": 0.0,
            "recall": 0.0,
            "f1-score": 0.0,
            "support": 132.0
        },
        "I-TITLE": {
            "precision": 0.6204566391950005,
            "recall": 0.09435133457479826,
            "f1-score": 0.16212068493031231,
            "support": 1611.0
        },
        "I-WORK_OF_ART": {
            "precision": 0.4033108224800258,
            "recall": 0.3804301075268817,
            "f1-score": 0.3911085500344358,
            "support": 4650.0
        },
        "O": {
            "precision": 0.8262276386537788,
            "recall": 0.9809503732801349,
            "f1-score": 0.8969644097103818,
            "support": 194492.0
        }
    },
    "training_duration_seconds": 244.21996068954468,
    "average_epochs": 73,