{
    "average_accuracy": 0.6601487878467571,
    "classification_report": {
        "B-CARDINAL": {
            "precision": 0.0,
            "recall": 0.0,
            "f1-score": 0.0,
            "support": 11530.0
        },
        "B-DATE": {
            "precision": 0.4739451267682571,
            "recall": 0.7387195577468998,
            "f1-score": 0.5773826553129326,
            "support": 26772.0
        },
        "B-EVENT": {
            "precision": 0.0,
            "recall": 0.0,
            "f1-score": 0.0,
            "support": 12762.0
        },
        "B-FAC": {
            "precision": 0.0,
            "recall": 0.0,
            "f1-score": 0.0,
            "support": 5869.0
        },
        "B-GPE": {
            "precision": 0.21141859450095138,
            "recall": 0.0922997615825762,
            "f1-score": 0.12834046604129148,
            "support": 77595.0
        },
        "B-LANGUAGE": {
            "precision": 0.0,
            "recall": 0.0,
            "f1-score": 0.0,
            "support": 5969.0
        },
        "B-LAW": {
            "precision": 0.0,
            "recall": 0.0,
            "f1-score": 0.0,
            "support": 504.0
        },
        "B-LOC": {
            "precision": 0.0,
            "recall": 0.0,
            "f1-score": 0.0,
            "support": 8301.0
        },
        "B-MONEY": {
            "precision": 0.0,
            "recall": 0.0,
            "f1-score": 0.0,
            "support": 327.0
        },
        "B-NORP": {
            "precision": 0.0,
            "recall": 0.0,
            "f1-score": 0.0,
            "support": 27537.0
        },
        "B-ORDINAL": {
            "precision": 0.0,
            "recall": 0.0,
            "f1-score": 0.0,
            "support": 6832.0
        },
        "B-ORG": {
            "precision": 0.08468767729176084,
            "recall": 0.011163664185852403,
            "f1-score": 0.018419581098916296,
            "support": 28754.0
        },
        "B-PERCENT": {
            "precision": 0.9709102195529301,
            "recall": 0.21298701298701297,
            "f1-score": 0.3492980387782555,
            "support": 770.0
        },
        "B-PERSON": {
            "precision": 0.2031409819909683,
            "recall": 0.08676729692060904,
            "f1-score": 0.121356590863882,
            "support": 76054.0
        },
        "B-PRODUCT": {
            "precision": 0.06248790400619315,
            "recall": 0.0013547513063673312,
            "f1-score": 0.0026520065360718576,
            "support": 5167.0
        },
        "B-QUANTITY": {
            "precision": 0.0,
            "recall": 0.0,
            "f1-score": 0.0,
            "support": 1953.0
        },
        "B-TIME": {
            "precision": 0.0,
            "recall": 0.0,
            "f1-score": 0.0,
            "support": 445.0
        },
        "B-TITLE": {
            "precision": 0.0,
            "recall": 0.0,
            "f1-score": 0.0,
            "support": 15693.0
        },
        "B-WORK_OF_ART": {
            "precision": 0.011710874785888916,
            "recall": 0.00012776287210936502,
            "f1-score": 0.00025276810403052714,
            "support": 15654.0
        },
        "I-CARDINAL": {
            "precision": 0.0,
            "recall": 0.0,
            "f1-score": 0.0,
            "support": 1436.0
        },
        "I-DATE": {
            "precision": 0.0,
            "recall": 0.0,
            "f1-score": 0.0,
            "support": 38166.0
        },
        "I-EVENT": {
            "precision": 0.0,
            "recall": 0.0,
            "f1-score": 0.0,
            "support": 29669.0
        },
        "I-FAC": {
            "precision": 0.0,
            "recall": 0.0,
            "f1-score": 0.0,
            "support": 9994.0
        },
        "I-GPE": {
            "precision": 0.11230389160554197,
            "recall": 3.820293398533007e-05,
            "f1-score": 7.6379885471917e-05,
            "support": 26176.0
        },
        "I-LANGUAGE": {
            "precision": 0.0,
            "recall": 0.0,
            "f1-score": 0.0,
            "support": 918.0
        },
        "I-LAW": {
            "precision": 0.0,
            "recall": 0.0,
            "f1-score": 0.0,
            "support": 986.0
        },
        "I-LOC": {
            "precision": 0.0,
            "recall": 0.0,
            "f1-score": 0.0,
            "support": 9358.0
        },
        "I-MONEY": {
            "precision": 0.0,
            "recall": 0.0,
            "f1-score": 0.0,
            "support": 924.0
        },
        "I-NORP": {
            "precision": 0.0,
            "recall": 0.0,
            "f1-score": 0.0,
            "support": 6272.0
        },
        "I-ORDINAL": {
            "precision": 0.0,
            "recall": 0.0,
            "f1-score": 0.0,
            "support": 374.0
        },
        "I-ORG": {
            "precision": 0.4320794089227191,
            "recall": 0.009136107816167378,
            "f1-score": 0.017358341932169577,
            "support": 39623.0
        },
        "I-PERCENT": {
            "precision": 0.0,
            "recall": 0.0,
            "f1-score": 0.0,
            "support": 218.0
        },
        "I-PERSON": {
            "precision": 0.16377823183485823,
            "recall": 0.01737329252817795,
            "f1-score": 0.02994681937077805,
            "support": 53588.0
        },
        "I-PRODUCT": {
            "precision": 0.0,
            "recall": 0.0,
            "f1-score": 0.0,
            "support": 4075.0
        },
        "I-QUANTITY": {
            "precision": 0.0,
            "recall": 0.0,
            "f1-score": 0.0,
            "support": 2507.0
        },
        "I-TIME": {
            "precision": 0.0,
            "recall": 0.0,
            "f1-score": 0.0,
            "support": 679.0
        },
        "I-TITLE": {
            "precision": 0.0,
            "recall": 0.0,
            "f1-score": 0.0,
            "support": 10908.0
        },
        "I-WORK_OF_ART": {
            "precision": 0.03651919714189129,
            "recall": 0.00017996940520111578,
            "f1-score": 0.00035817370291583235,
            "support": 22226.0
        },
        "O": {
            "precision": 0.688420251339293,
            "recall": 0.9929284112755811,
            "f1-score": 0.8130973270116553,
            "support": 1057471.0
        }
    },
    "training_duration_seconds": 82.03899598121643,
    "average_epochs": 1,
    "labels": [
        "B-CARDINAL",
        "B-DATE",
        "B-EVENT",
        "B-FAC",
        "B-GPE",
        "B-LANGUAGE",
        "B-LAW",
        "B-LOC",
        "B-MONEY",
        "B-NORP",
        "B-ORDINAL",
        "B-ORG",
        "B-PERCENT",
        "B-PERSON",
        "B-PRODUCT",
        "B-QUANTITY",
        "B-TIME",
        "B-TITLE",
        "B-WORK_OF_ART",
        "I-CARDINAL",
        "I-DATE",
        "I-EVENT",
        "I-FAC",
        "I-GPE",
        "I-LANGUAGE",
        "I-LAW",
        "I-LOC",
        "I-MONEY",
        "I-NORP",
        "I-ORDINAL",
        "I-ORG",
        "I-PERCENT",
        "I-PERSON",
        "I-PRODUCT",
        "I-QUANTITY",
        "I-TIME",
        "I-TITLE",
        "I-WORK_OF_ART",
        "O"
    ]
}