{
    "average_accuracy": 0.7194006951578953,
    "classification_report": {
        "B-CARDINAL": {
            "precision": 0.47649334785894487,
            "recall": 0.47058823529411764,
            "f1-score": 0.47227305243966,
            "support": 1819.0
        },
        "B-DATE": {
            "precision": 0.6103062555585249,
            "recall": 0.6051492860233665,
            "f1-score": 0.6025660422748442,
            "support": 9244.0
        },
        "B-EVENT": {
            "precision": 0.3046062618699865,
            "recall": 0.04655001650709805,
            "f1-score": 0.0781753110967757,
            "support": 6058.0
        },
        "B-FAC": {
            "precision": 0.0,
            "recall": 0.0,
            "f1-score": 0.0,
            "support": 3218.0
        },
        "B-GPE": {
            "precision": 0.42496697580532156,
            "recall": 0.5592957338519469,
            "f1-score": 0.4818195626484653,
            "support": 48334.0
        },
        "B-LANGUAGE": {
            "precision": 0.5840364673883326,
            "recall": 0.30939226519337015,
            "f1-score": 0.40126995202815,
            "support": 3620.0
        },
        "B-LAW": {
            "precision": 0.0,
            "recall": 0.0,
            "f1-score": 0.0,
            "support": 275.0
        },
        "B-LOC": {
            "precision": 0.1894312319750487,
            "recall": 0.003198537811286269,
            "f1-score": 0.006143238763015608,
            "support": 4377.0
        },
        "B-MONEY": {
            "precision": 0.0,
            "recall": 0.0,
            "f1-score": 0.0,
            "support": 89.0
        },
        "B-NORP": {
            "precision": 0.4145957052147898,
            "recall": 0.2276732704205987,
            "f1-score": 0.278266066757709,
            "support": 16001.0
        },
        "B-ORDINAL": {
            "precision": 0.7234698262837919,
            "recall": 0.6924066924066924,
            "f1-score": 0.7058786766300871,
            "support": 2331.0
        },
        "B-ORG": {
            "precision": 0.2891941059379555,
            "recall": 0.08155096935584741,
            "f1-score": 0.12389923337542089,
            "support": 15990.0
        },
        "B-PERCENT": {
            "precision": 0.5806379292558155,
            "recall": 0.3274647887323944,
            "f1-score": 0.3955999532101482,
            "support": 284.0
        },
        "B-PERSON": {
            "precision": 0.3574127307600841,
            "recall": 0.49837051892704937,
            "f1-score": 0.41137689522918447,
            "support": 39890.0
        },
        "B-PRODUCT": {
            "precision": 0.4779003666249697,
            "recall": 0.09428685577307232,
            "f1-score": 0.15650329157183648,
            "support": 2503.0
        },
        "B-QUANTITY": {
            "precision": 0.2570305687492388,
            "recall": 0.04470588235294118,
            "f1-score": 0.07387999535380801,
            "support": 425.0
        },
        "B-TIME": {
            "precision": 0.4075286415711947,
            "recall": 0.0425531914893617,
            "f1-score": 0.07339814135485448,
            "support": 141.0
        },
        "B-TITLE": {
            "precision": 0.2691114833002497,
            "recall": 0.02666666666666667,
            "f1-score": 0.047479403374993116,
            "support": 8850.0
        },
        "B-WORK_OF_ART": {
            "precision": 0.15743526195816754,
            "recall": 0.014731254147312542,
            "f1-score": 0.0267025781418503,
            "support": 7535.0
        },
        "I-CARDINAL": {
            "precision": 0.4200898743510379,
            "recall": 0.4344978165938865,
            "f1-score": 0.42403386490643147,
            "support": 458.0
        },
        "I-DATE": {
            "precision": 0.6022236185913883,
            "recall": 0.4401770890979524,
            "f1-score": 0.49440339459865873,
            "support": 18070.0
        },
        "I-EVENT": {
            "precision": 0.5262851094170657,
            "recall": 0.22771697781939487,
            "f1-score": 0.315639668616155,
            "support": 17087.0
        },
        "I-FAC": {
            "precision": 0.3873401722207491,
            "recall": 0.0480393821083008,
            "f1-score": 0.08141686906859974,
            "support": 5891.0
        },
        "I-GPE": {
            "precision": 0.3531580810366405,
            "recall": 0.15080734623443856,
            "f1-score": 0.20378818875206978,
            "support": 16226.0
        },
        "I-LANGUAGE": {
            "precision": 0.07862679955703211,
            "recall": 0.009689922480620155,
            "f1-score": 0.01724750136425138,
            "support": 516.0
        },
        "I-LAW": {
            "precision": 0.28839353467901047,
            "recall": 0.0333889816360601,
            "f1-score": 0.058756150180601464,
            "support": 599.0
        },
        "I-LOC": {
            "precision": 0.43722155188559536,
            "recall": 0.09859405588182951,
            "f1-score": 0.15659865572356974,
            "support": 5619.0
        },
        "I-MONEY": {
            "precision": 0.5248203799224207,
            "recall": 0.05668934240362812,
            "f1-score": 0.09349175232537313,
            "support": 441.0
        },
        "I-NORP": {
            "precision": 0.20426359931253393,
            "recall": 0.008171603677221655,
            "f1-score": 0.01566153116232178,
            "support": 3916.0
        },
        "I-ORDINAL": {
            "precision": 0.0,
            "recall": 0.0,
            "f1-score": 0.0,
            "support": 176.0
        },
        "I-ORG": {
            "precision": 0.4132096312076633,
            "recall": 0.17690046199076018,
            "f1-score": 0.24531804839837357,
            "support": 23810.0
        },
        "I-PERCENT": {
            "precision": 0.0,
            "recall": 0.0,
            "f1-score": 0.0,
            "support": 79.0
        },
        "I-PERSON": {
            "precision": 0.2789196263228688,
            "recall": 0.20280271362982252,
            "f1-score": 0.22359247824493836,
            "support": 29186.0
        },
        "I-PRODUCT": {
            "precision": 0.1400398972234248,
            "recall": 0.005296610169491525,
            "f1-score": 0.009945018052272653,
            "support": 1888.0
        },
        "I-QUANTITY": {
            "precision": 0.7157178067514477,
            "recall": 0.4339419978517723,
            "f1-score": 0.5371777043099439,
            "support": 931.0
        },
        "I-TIME": {
            "precision": 0.5055607267474389,
            "recall": 0.2119205298013245,
            "f1-score": 0.2771282859264578,
            "support": 302.0
        },
        "I-TITLE": {
            "precision": 0.2747805124111815,
            "recall": 0.04073545728324616,
            "f1-score": 0.06846105208259494,
            "support": 6309.0
        },
        "I-WORK_OF_ART": {
            "precision": 0.2673087317530252,
            "recall": 0.06691109074243813,
            "f1-score": 0.10552401789471336,
            "support": 9819.0
        },
        "O": {
            "precision": 0.8275737536895134,
            "recall": 0.9595847880674347,
            "f1-score": 0.8885659499994252,
            "support": 565109.0
        }
    },
    "training_duration_seconds": 86.74192929267883,
    "average_epochs": 1,