{
    "average_accuracy": 0.7447712258340315,
    "classification_report": {
        "B-CARDINAL": {
            "precision": 0.5760926371657958,
            "recall": 0.17217217217217218,
            "f1-score": 0.2644012844433238,
            "support": 999.0
        },
        "B-DATE": {
            "precision": 0.6628526393398319,
            "recall": 0.5868584925917973,
            "f1-score": 0.6220626032486805,
            "support": 4657.0
        },
        "B-EVENT": {
            "precision": 0.36656948952552315,
            "recall": 0.0297719087635054,
            "f1-score": 0.05506842013527538,
            "support": 4165.0
        },
        "B-FAC": {
            "precision": 0.0,
            "recall": 0.0,
            "f1-score": 0.0,
            "support": 2399.0
        },
        "B-GPE": {
            "precision": 0.5014827033411239,
            "recall": 0.6396257849545047,
            "f1-score": 0.5619760860978569,
            "support": 39015.0
        },
        "B-LANGUAGE": {
            "precision": 0.6552994268308991,
            "recall": 0.42400842400842403,
            "f1-score": 0.5143609080605008,
            "support": 2849.0
        },
        "B-LAW": {
            "precision": 0.0,
            "recall": 0.0,
            "f1-score": 0.0,
            "support": 204.0
        },
        "B-LOC": {
            "precision": 0.14855596621993905,
            "recall": 0.007264687302590019,
            "f1-score": 0.013844530733339988,
            "support": 3166.0
        },
        "B-MONEY": {
            "precision": 0.0,
            "recall": 0.0,
            "f1-score": 0.0,
            "support": 62.0
        },
        "B-NORP": {
            "precision": 0.5068309435531593,
            "recall": 0.29374492282696996,
            "f1-score": 0.37047942820766194,
            "support": 12310.0
        },
        "B-ORDINAL": {
            "precision": 0.7592196271055817,
            "recall": 0.5958579881656805,
            "f1-score": 0.666255745966276,
            "support": 1690.0
        },
        "B-ORG": {
            "precision": 0.37547532528567384,
            "recall": 0.09960905684964978,
            "f1-score": 0.15715591672744372,
            "support": 12278.0
        },
        "B-PERCENT": {
            "precision": 0.7205762987012987,
            "recall": 0.03977272727272727,
            "f1-score": 0.06934905340435295,
            "support": 176.0
        },
        "B-PERSON": {
            "precision": 0.40561063040305007,
            "recall": 0.545476670607051,
            "f1-score": 0.46468836015352094,
            "support": 28762.0
        },
        "B-PRODUCT": {
            "precision": 0.49147793156014136,
            "recall": 0.06218767351471405,
            "f1-score": 0.10976929710185435,
            "support": 1801.0
        },
        "B-QUANTITY": {
            "precision": 0.0,
            "recall": 0.0,
            "f1-score": 0.0,
            "support": 216.0
        },
        "B-TIME": {
            "precision": 0.0,
            "recall": 0.0,
            "f1-score": 0.0,
            "support": 93.0
        },
        "B-TITLE": {
            "precision": 0.2953309847021296,
            "recall": 0.03847296494355318,
            "f1-score": 0.06769018343913007,
            "support": 6732.0
        },
        "B-WORK_OF_ART": {
            "precision": 0.15822878915460392,
            "recall": 0.012562349898392758,
            "f1-score": 0.023195396267212138,
            "support": 5413.0
        },
        "I-CARDINAL": {
            "precision": 0.5366180660298308,
            "recall": 0.4888888888888889,
            "f1-score": 0.5078982546724482,
            "support": 270.0
        },
        "I-DATE": {
            "precision": 0.6716436305862772,
            "recall": 0.34226786907147627,
            "f1-score": 0.45342550054824643,
            "support": 11976.0
        },
        "I-EVENT": {
            "precision": 0.5551689795241938,
            "recall": 0.3153274814314652,
            "f1-score": 0.40162268993211636,
            "support": 13329.0
        },
        "I-FAC": {
            "precision": 0.45202260783137127,
            "recall": 0.07011866235167206,
            "f1-score": 0.1210378627645857,
            "support": 4635.0
        },
        "I-GPE": {
            "precision": 0.4794602888967838,
            "recall": 0.14009223557874045,
            "f1-score": 0.21651675061145198,
            "support": 13227.0
        },
        "I-LANGUAGE": {
            "precision": 0.0,
            "recall": 0.0,
            "f1-score": 0.0,
            "support": 396.0
        },
        "I-LAW": {
            "precision": 0.5457516339869282,
            "recall": 0.033126293995859216,
            "f1-score": 0.06229857359303605,
            "support": 483.0
        },
        "I-LOC": {
            "precision": 0.46429972221011667,
            "recall": 0.05906130698405569,
            "f1-score": 0.10471114876767697,
            "support": 4453.0
        },
        "I-MONEY": {
            "precision": 0.4745726172025218,
            "recall": 0.06354515050167224,
            "f1-score": 0.10577525795548133,
            "support": 299.0
        },
        "I-NORP": {
            "precision": 0.09277240344956882,
            "recall": 0.001889763779527559,
            "f1-score": 0.0037034348056817377,
            "support": 3175.0
        },
        "I-ORDINAL": {
            "precision": 0.0,
            "recall": 0.0,
            "f1-score": 0.0,
            "support": 127.0
        },
        "I-ORG": {
            "precision": 0.4425999831761544,
            "recall": 0.2543850435878584,
            "f1-score": 0.32287336269201605,
            "support": 19042.0
        },
        "I-PERCENT": {
            "precision": 0.0,
            "recall": 0.0,
            "f1-score": 0.0,
            "support": 46.0
        },
        "I-PERSON": {
            "precision": 0.3177083041612841,
            "recall": 0.23901926764679024,
            "f1-score": 0.27178592751143643,
            "support": 21902.0
        },
        "I-PRODUCT": {
            "precision": 0.0,
            "recall": 0.0,
            "f1-score": 0.0,
            "support": 1379.0
        },
        "I-QUANTITY": {
            "precision": 0.8476828438530802,
            "recall": 0.3632286995515695,
            "f1-score": 0.5083857454548533,
            "support": 669.0
        },
        "I-TIME": {
            "precision": 0.0,
            "recall": 0.0,
            "f1-score": 0.0,
            "support": 209.0
        },
        "I-TITLE": {
            "precision": 0.4204991591830785,
            "recall": 0.03851640513552068,
            "f1-score": 0.0696693072367995,
            "support": 4907.0
        },
        "I-WORK_OF_ART": {
            "precision": 0.2865284073926843,
            "recall": 0.07380777696258253,
            "f1-score": 0.11716275207491507,
            "support": 6815.0
        },
        "O": {
            "precision": 0.8316268284002903,
            "recall": 0.9771120587918521,
            "f1-score": 0.8985156760039087,
            "support": 436387.0
        }
    },
    "training_duration_seconds": 440.39917063713074,
    "average_epochs": 67,