{
    "average_accuracy": 0.721763824341136,
    "classification_report": {
        "B-CARDINAL": {
            "precision": 0.5007492892989045,
            "recall": 0.3364485981308411,
            "f1-score": 0.40182056965436924,
            "support": 1819.0
        },
        "B-DATE": {
            "precision": 0.6026787403172065,
            "recall": 0.6983989614885331,
            "f1-score": 0.6469246182352058,
            "support": 9244.0
        },
        "B-EVENT": {
            "precision": 0.35803318350158236,
            "recall": 0.030868273357543743,
            "f1-score": 0.056809797752638065,
            "support": 6058.0
        },
        "B-FAC": {
            "precision": 0.0,
            "recall": 0.0,
            "f1-score": 0.0,
            "support": 3218.0
        },
        "B-GPE": {
            "precision": 0.44645381108045457,
            "recall": 0.54297182107833,
            "f1-score": 0.4899782018452604,
            "support": 48334.0
        },
        "B-LANGUAGE": {
            "precision": 0.6827243878663913,
            "recall": 0.24530386740331492,
            "f1-score": 0.3608044079638911,
            "support": 3620.0
        },
        "B-LAW": {
            "precision": 0.0,
            "recall": 0.0,
            "f1-score": 0.0,
            "support": 275.0
        },
        "B-LOC": {
            "precision": 0.20998767580222455,
            "recall": 0.009824080420379255,
            "f1-score": 0.018757347835984928,
            "support": 4377.0
        },
        "B-MONEY": {
            "precision": 0.0,
            "recall": 0.0,
            "f1-score": 0.0,
            "support": 89.0
        },
        "B-NORP": {
            "precision": 0.4178285289244499,
            "recall": 0.21976511744127936,
            "f1-score": 0.287689639157769,
            "support": 16008.0
        },
        "B-ORDINAL": {
            "precision": 0.7509501245688205,
            "recall": 0.5045045045045045,
            "f1-score": 0.6029240231928829,
            "support": 2331.0
        },
        "B-ORG": {
            "precision": 0.3109773144702177,
            "recall": 0.052782989368355224,
            "f1-score": 0.09001431779838236,
            "support": 15990.0
        },
        "B-PERCENT": {
            "precision": 0.570290869146503,
            "recall": 0.05985915492957746,
            "f1-score": 0.10635141493329839,
            "support": 284.0
        },
        "B-PERSON": {
            "precision": 0.3642513618296649,
            "recall": 0.48680219587396284,
            "f1-score": 0.4166819228554639,
            "support": 39893.0
        },
        "B-PRODUCT": {
            "precision": 0.5437227864074143,
            "recall": 0.06911705952856573,
            "f1-score": 0.12232370520987462,
            "support": 2503.0
        },
        "B-QUANTITY": {
            "precision": 0.3458823529411765,
            "recall": 0.004705882352941176,
            "f1-score": 0.009285432293722858,
            "support": 425.0
        },
        "B-TIME": {
            "precision": 0.0,
            "recall": 0.0,
            "f1-score": 0.0,
            "support": 141.0
        },
        "B-TITLE": {
            "precision": 0.4096834099621945,
            "recall": 0.014443692168810652,
            "f1-score": 0.027844628328593784,
            "support": 8862.0
        },
        "B-WORK_OF_ART": {
            "precision": 0.1373181562962585,
            "recall": 0.0033178500331785005,
            "f1-score": 0.006472707076996848,
            "support": 7535.0
        },
        "I-CARDINAL": {
            "precision": 0.42284669687215964,
            "recall": 0.3296943231441048,
            "f1-score": 0.34423221924439196,
            "support": 458.0
        },
        "I-DATE": {
            "precision": 0.6329252538248255,
            "recall": 0.3602102933038185,
            "f1-score": 0.4589396056650474,
            "support": 18070.0
        },
        "I-EVENT": {
            "precision": 0.5288481004332888,
            "recall": 0.2012055948967051,
            "f1-score": 0.2914961642335408,
            "support": 17087.0
        },
        "I-FAC": {
            "precision": 0.42128930758865807,
            "recall": 0.023765065353929724,
            "f1-score": 0.044956641064201254,
            "support": 5891.0
        },
        "I-GPE": {
            "precision": 0.408001815296501,
            "recall": 0.11839023788980649,
            "f1-score": 0.1835100644491887,
            "support": 16226.0
        },
        "I-LANGUAGE": {
            "precision": 0.0,
            "recall": 0.0,
            "f1-score": 0.0,
            "support": 516.0
        },
        "I-LAW": {
            "precision": 0.33422370617696157,
            "recall": 0.008347245409015025,
            "f1-score": 0.015875320150561492,
            "support": 599.0
        },
        "I-LOC": {
            "precision": 0.5233057024307154,
            "recall": 0.04983093077059975,
            "f1-score": 0.09087265716789875,
            "support": 5619.0
        },
        "I-MONEY": {
            "precision": 0.5570132815030774,
            "recall": 0.031746031746031744,
            "f1-score": 0.05997298942064309,
            "support": 441.0
        },
        "I-NORP": {
            "precision": 0.229321612299221,
            "recall": 0.007916241062308479,
            "f1-score": 0.015300979029613053,
            "support": 3916.0
        },
        "I-ORDINAL": {
            "precision": 0.0,
            "recall": 0.0,
            "f1-score": 0.0,
            "support": 176.0
        },
        "I-ORG": {
            "precision": 0.4058534851420262,
            "recall": 0.1505669886602268,
            "f1-score": 0.21945616321073758,
            "support": 23810.0
        },
        "I-PERCENT": {
            "precision": 0.0,
            "recall": 0.0,
            "f1-score": 0.0,
            "support": 79.0
        },
        "I-PERSON": {
            "precision": 0.2846997539156271,
            "recall": 0.17535626198958618,
            "f1-score": 0.2167512635859734,
            "support": 29192.0
        },
        "I-PRODUCT": {
            "precision": 0.0,
            "recall": 0.0,
            "f1-score": 0.0,
            "support": 1888.0
        },
        "I-QUANTITY": {
            "precision": 0.7551765771675949,
            "recall": 0.18152524167561762,
            "f1-score": 0.2879612166968687,
            "support": 931.0
        },
        "I-TIME": {
            "precision": 0.0,
            "recall": 0.0,
            "f1-score": 0.0,
            "support": 302.0
        },
        "I-TITLE": {
            "precision": 0.23606912015396786,
            "recall": 0.004913615469963544,
            "f1-score": 0.009549269021355415,
            "support": 6309.0
        },
        "I-WORK_OF_ART": {
            "precision": 0.28861501606685386,
            "recall": 0.06996639168958142,
            "f1-score": 0.11250681945465593,
            "support": 9819.0
        },
        "O": {
            "precision": 0.8048292118895422,
            "recall": 0.975905533268803,
            "f1-score": 0.8821496448745596,
            "support": 565109.0
        }
    },
    "training_duration_seconds": 473.59033703804016,
    "average_epochs": 57,