{
    "average_accuracy": 0.7438094123841017,
    "classification_report": {
        "B-CARDINAL": {
            "precision": 0.5382607268167009,
            "recall": 0.26226226226226224,
            "f1-score": 0.3486332891131928,
            "support": 999.0
        },
        "B-DATE": {
            "precision": 0.6526306467862879,
            "recall": 0.5548636461241142,
            "f1-score": 0.5904066123821358,
            "support": 4657.0
        },
        "B-EVENT": {
            "precision": 0.36697073442882017,
            "recall": 0.031932773109243695,
            "f1-score": 0.05615034670281892,
            "support": 4165.0
        },
        "B-FAC": {
            "precision": 0.0079743371332258,
            "recall": 0.00041684035014589413,
            "f1-score": 0.0007922667562168182,
            "support": 2399.0
        },
        "B-GPE": {
            "precision": 0.5056329614753245,
            "recall": 0.6143278226323209,
            "f1-score": 0.5531861874594813,
            "support": 39015.0
        },
        "B-LANGUAGE": {
            "precision": 0.7070091736176811,
            "recall": 0.4426114426114426,
            "f1-score": 0.5390843465781903,
            "support": 2849.0
        },
        "B-LAW": {
            "precision": 0.0,
            "recall": 0.0,
            "f1-score": 0.0,
            "support": 204.0
        },
        "B-LOC": {
            "precision": 0.41392100647052155,
            "recall": 0.016424510423247,
            "f1-score": 0.029281698574300997,
            "support": 3166.0
        },
        "B-MONEY": {
            "precision": 0.3616487455197132,
            "recall": 0.16129032258064516,
            "f1-score": 0.19168734491315134,
            "support": 62.0
        },
        "B-NORP": {
            "precision": 0.48413970084603836,
            "recall": 0.3456599479843953,
            "f1-score": 0.40023739054268914,
            "support": 12304.0
        },
        "B-ORDINAL": {
            "precision": 0.7589853254817487,
            "recall": 0.7804733727810651,
            "f1-score": 0.7690287016971558,
            "support": 1690.0
        },
        "B-ORG": {
            "precision": 0.3719322656130811,
            "recall": 0.1167942661671282,
            "f1-score": 0.17584746255539882,
            "support": 12278.0
        },
        "B-PERCENT": {
            "precision": 0.6002486307884035,
            "recall": 0.18181818181818182,
            "f1-score": 0.2517165568969154,
            "support": 176.0
        },
        "B-PERSON": {
            "precision": 0.4179600426577632,
            "recall": 0.4834492350486787,
            "f1-score": 0.43911963826438905,
            "support": 28760.0
        },
        "B-PRODUCT": {
            "precision": 0.3987779344870195,
            "recall": 0.09161576901721266,
            "f1-score": 0.14749575033827,
            "support": 1801.0
        },
        "B-QUANTITY": {
            "precision": 0.0,
            "recall": 0.0,
            "f1-score": 0.0,
            "support": 216.0
        },
        "B-TIME": {
            "precision": 0.0,
            "recall": 0.0,
            "f1-score": 0.0,
            "support": 93.0
        },
        "B-TITLE": {
            "precision": 0.26021956334867896,
            "recall": 0.059803629872061885,
            "f1-score": 0.09565301416237941,
            "support": 6722.0
        },
        "B-WORK_OF_ART": {
            "precision": 0.14629382367733193,
            "recall": 0.033807500461851096,
            "f1-score": 0.05274523633599298,
            "support": 5413.0
        },
        "I-CARDINAL": {
            "precision": 0.5330863783303198,
            "recall": 0.4777777777777778,
            "f1-score": 0.4991593338504194,
            "support": 270.0
        },
        "I-DATE": {
            "precision": 0.6340986027428586,
            "recall": 0.44096526386105545,
            "f1-score": 0.5116066614777405,
            "support": 11976.0
        },
        "I-EVENT": {
            "precision": 0.5295438731123038,
            "recall": 0.32403030985070147,
            "f1-score": 0.3991330774790342,
            "support": 13329.0
        },
        "I-FAC": {
            "precision": 0.37698032857922903,
            "recall": 0.11197411003236246,
            "f1-score": 0.1672763764976537,
            "support": 4635.0
        },
        "I-GPE": {
            "precision": 0.36550429764228143,
            "recall": 0.16557042413245635,
            "f1-score": 0.2221859998540003,
            "support": 13227.0
        },
        "I-LANGUAGE": {
            "precision": 0.04511175099410394,
            "recall": 0.010101010101010102,
            "f1-score": 0.014919760374305828,
            "support": 396.0
        },
        "I-LAW": {
            "precision": 0.4550050938249696,
            "recall": 0.08074534161490683,
            "f1-score": 0.13112254493908726,
            "support": 483.0
        },
        "I-LOC": {
            "precision": 0.4371553387261266,
            "recall": 0.08982708286548394,
            "f1-score": 0.1458391367521818,
            "support": 4453.0
        },
        "I-MONEY": {
            "precision": 0.7721917992821002,
            "recall": 0.20066889632107024,
            "f1-score": 0.2968000930688784,
            "support": 299.0
        },
        "I-NORP": {
            "precision": 0.18093297340535716,
            "recall": 0.011968503937007874,
            "f1-score": 0.022146714493410033,
            "support": 3175.0
        },
        "I-ORDINAL": {
            "precision": 0.0,
            "recall": 0.0,
            "f1-score": 0.0,
            "support": 127.0
        },
        "I-ORG": {
            "precision": 0.4357234655300482,
            "recall": 0.25758848860413824,
            "f1-score": 0.3228276758614655,
            "support": 19042.0
        },
        "I-PERCENT": {
            "precision": 0.0,
            "recall": 0.0,
            "f1-score": 0.0,
            "support": 46.0
        },
        "I-PERSON": {
            "precision": 0.29015042989740847,
            "recall": 0.35523792127134896,
            "f1-score": 0.3063919749710185,
            "support": 21898.0
        },
        "I-PRODUCT": {
            "precision": 0.12563624434545392,
            "recall": 0.00435097897026831,
            "f1-score": 0.008291359967805903,
            "support": 1379.0
        },
        "I-QUANTITY": {
            "precision": 0.8163697276499764,
            "recall": 0.484304932735426,
            "f1-score": 0.6049118783793672,
            "support": 669.0
        },
        "I-TIME": {
            "precision": 0.5738241282306724,
            "recall": 0.2631578947368421,
            "f1-score": 0.3274547922676704,
            "support": 209.0
        },
        "I-TITLE": {
            "precision": 0.39125687501370976,
            "recall": 0.08620338292235581,
            "f1-score": 0.13781057898166685,
            "support": 4907.0
        },
        "I-WORK_OF_ART": {
            "precision": 0.2764691535814073,
            "recall": 0.08378576669112252,
            "f1-score": 0.126206032865258,
            "support": 6815.0
        },
        "O": {
            "precision": 0.8501895486792725,
            "recall": 0.9667542800312566,
            "f1-score": 0.9047119375024729,
            "support": 436387.0
        }
    },
    "training_duration_seconds": 64.44085955619812,
    "average_epochs": 1,