{
    "average_accuracy": 0.6649292878480165,
    "classification_report": {
        "B-CARDINAL": {
            "precision": 0.2895298955451025,
            "recall": 0.05206366333962773,
            "f1-score": 0.08805705901757185,
            "support": 7414.0
        },
        "B-DATE": {
            "precision": 0.5018472474243756,
            "recall": 0.7436583432421721,
            "f1-score": 0.599265216191844,
            "support": 20184.0
        },
        "B-EVENT": {
            "precision": 0.2999852612257996,
            "recall": 0.0055396370582617,
            "f1-score": 0.010861741817246664,
            "support": 10470.0
        },
        "B-FAC": {
            "precision": 0.0,
            "recall": 0.0,
            "f1-score": 0.0,
            "support": 4974.0
        },
        "B-GPE": {
            "precision": 0.3056579660083901,
            "recall": 0.1629902683574167,
            "f1-score": 0.21257629951395704,
            "support": 67820.0
        },
        "B-LANGUAGE": {
            "precision": 0.49221120828977977,
            "recall": 0.0437801350048216,
            "f1-score": 0.08037077497154373,
            "support": 5185.0
        },
        "B-LAW": {
            "precision": 0.0,
            "recall": 0.0,
            "f1-score": 0.0,
            "support": 427.0
        },
        "B-LOC": {
            "precision": 0.0,
            "recall": 0.0,
            "f1-score": 0.0,
            "support": 6984.0
        },
        "B-MONEY": {
            "precision": 0.0,
            "recall": 0.0,
            "f1-score": 0.0,
            "support": 230.0
        },
        "B-NORP": {
            "precision": 0.271074258274115,
            "recall": 0.024315082949892354,
            "f1-score": 0.044613166493554,
            "support": 23689.0
        },
        "B-ORDINAL": {
            "precision": 0.4155492023461301,
            "recall": 0.08186687069625095,
            "f1-score": 0.13668802375775513,
            "support": 5228.0
        },
        "B-ORG": {
            "precision": 0.34033659357220725,
            "recall": 0.045039511935470664,
            "f1-score": 0.07947561524519096,
            "support": 24423.0
        },
        "B-PERCENT": {
            "precision": 0.988657764081493,
            "recall": 0.2440677966101695,
            "f1-score": 0.3902872383096983,
            "support": 590.0
        },
        "B-PERSON": {
            "precision": 0.2469508040442525,
            "recall": 0.2172341490893159,
            "f1-score": 0.23113066113237535,
            "support": 63908.0
        },
        "B-PRODUCT": {
            "precision": 0.28983118079939113,
            "recall": 0.02287196415939637,
            "f1-score": 0.04213934105538712,
            "support": 4241.0
        },
        "B-QUANTITY": {
            "precision": 0.2359129432178033,
            "recall": 0.021354933726067747,
            "f1-score": 0.038111956775253954,
            "support": 1358.0
        },
        "B-TIME": {
            "precision": 0.46208333333333335,
            "recall": 0.05,
            "f1-score": 0.08974884215646187,
            "support": 320.0
        },
        "B-TITLE": {
            "precision": 0.0,
            "recall": 0.0,
            "f1-score": 0.0,
            "support": 13404.0
        },
        "B-WORK_OF_ART": {
            "precision": 0.33670902732000374,
            "recall": 0.015631075511315033,
            "f1-score": 0.029867730378194884,
            "support": 12859.0
        },
        "I-CARDINAL": {
            "precision": 0.0,
            "recall": 0.0,
            "f1-score": 0.0,
            "support": 1032.0
        },
        "I-DATE": {
            "precision": 0.364637628506254,
            "recall": 0.03842585186370181,
            "f1-score": 0.06947617154772477,
            "support": 31255.0
        },
        "I-EVENT": {
            "precision": 0.3022664585942115,
            "recall": 0.06202896263267964,
            "f1-score": 0.10290546199148956,
            "support": 25343.0
        },
        "I-FAC": {
            "precision": 0.0,
            "recall": 0.0,
            "f1-score": 0.0,
            "support": 8575.0
        },
        "I-GPE": {
            "precision": 0.381033645622273,
            "recall": 0.018230895172352757,
            "f1-score": 0.03477917320958636,
            "support": 22599.0
        },
        "I-LANGUAGE": {
            "precision": 0.0,
            "recall": 0.0,
            "f1-score": 0.0,
            "support": 778.0
        },
        "I-LAW": {
            "precision": 0.0,
            "recall": 0.0,
            "f1-score": 0.0,
            "support": 851.0
        },
        "I-LOC": {
            "precision": 0.0,
            "recall": 0.0,
            "f1-score": 0.0,
            "support": 8074.0
        },
        "I-MONEY": {
            "precision": 0.0,
            "recall": 0.0,
            "f1-score": 0.0,
            "support": 755.0
        },
        "I-NORP": {
            "precision": 0.0,
            "recall": 0.0,
            "f1-score": 0.0,
            "support": 5464.0
        },
        "I-ORDINAL": {
            "precision": 0.0,
            "recall": 0.0,
            "f1-score": 0.0,
            "support": 301.0
        },
        "I-ORG": {
            "precision": 0.276337956706931,
            "recall": 0.022530583506908793,
            "f1-score": 0.0415291329773033,
            "support": 34087.0
        },
        "I-PERCENT": {
            "precision": 0.0,
            "recall": 0.0,
            "f1-score": 0.0,
            "support": 164.0
        },
        "I-PERSON": {
            "precision": 0.23040735145371768,
            "recall": 0.032172949002217295,
            "f1-score": 0.0564274820869868,
            "support": 45100.0
        },
        "I-PRODUCT": {
            "precision": 0.0,
            "recall": 0.0,
            "f1-score": 0.0,
            "support": 3208.0
        },
        "I-QUANTITY": {
            "precision": 0.5099445296791808,
            "recall": 0.04860731840524304,
            "f1-score": 0.08711696353602835,
            "support": 1831.0
        },
        "I-TIME": {
            "precision": 0.0,
            "recall": 0.0,
            "f1-score": 0.0,
            "support": 547.0
        },
        "I-TITLE": {
            "precision": 0.0,
            "recall": 0.0,
            "f1-score": 0.0,
            "support": 9297.0
        },
        "I-WORK_OF_ART": {
            "precision": 0.14255487510099887,
            "recall": 0.001137915339098771,
            "f1-score": 0.002254961743078872,
            "support": 17576.0
        },
        "O": {
            "precision": 0.7079895766001061,
            "recall": 0.9864770753401879,
            "f1-score": 0.8243433701018492,
            "support": 862979.0
        }
    },
    "training_duration_seconds": 22209.893750429153,
    "average_epochs": 184,
    "labels": [
        "B-CARDINAL",
        "B-DATE",
        "B-EVENT",
        "B-FAC",
        "B-GPE",
        "B-LANGUAGE",
        "B-LAW",
        "B-LOC",
        "B-MONEY",
        "B-NORP",
        "B-ORDINAL",
        "B-ORG",
        "B-PERCENT",
        "B-PERSON",
        "B-PRODUCT",
        "B-QUANTITY",
        "B-TIME",
        "B-TITLE",
        "B-WORK_OF_ART",
        "I-CARDINAL",
        "I-DATE",
        "I-EVENT",
        "I-FAC",
        "I-GPE",
        "I-LANGUAGE",
        "I-LAW",
        "I-LOC",
        "I-MONEY",
        "I-NORP",
        "I-ORDINAL",
        "I-ORG",
        "I-PERCENT",
        "I-PERSON",
        "I-PRODUCT",
        "I-QUANTITY",
        "I-TIME",
        "I-TITLE",
        "I-WORK_OF_ART",
        "O"
    ]
}