{
    "average_accuracy": 0.6629445720897142,
    "classification_report": {
        "B-CARDINAL": {
            "precision": 0.2866164753642804,
            "recall": 0.0596169409225789,
            "f1-score": 0.08918631765994632,
            "support": 7414.0
        },
        "B-DATE": {
            "precision": 0.5053351582992863,
            "recall": 0.7143281807372176,
            "f1-score": 0.5901083825855984,
            "support": 20184.0
        },
        "B-EVENT": {
            "precision": 0.29682468585056926,
            "recall": 0.009264565425023878,
            "f1-score": 0.01778230116014899,
            "support": 10470.0
        },
        "B-FAC": {
            "precision": 0.0,
            "recall": 0.0,
            "f1-score": 0.0,
            "support": 4974.0
        },
        "B-GPE": {
            "precision": 0.30246019447342865,
            "recall": 0.1592155706281333,
            "f1-score": 0.20588347282590408,
            "support": 67820.0
        },
        "B-LANGUAGE": {
            "precision": 0.318156548111438,
            "recall": 0.03201542912246866,
            "f1-score": 0.054340054464389456,
            "support": 5185.0
        },
        "B-LAW": {
            "precision": 0.0,
            "recall": 0.0,
            "f1-score": 0.0,
            "support": 427.0
        },
        "B-LOC": {
            "precision": 0.0,
            "recall": 0.0,
            "f1-score": 0.0,
            "support": 6984.0
        },
        "B-MONEY": {
            "precision": 0.0,
            "recall": 0.0,
            "f1-score": 0.0,
            "support": 230.0
        },
        "B-NORP": {
            "precision": 0.26462584663562183,
            "recall": 0.011402027027027027,
            "f1-score": 0.02137745073578921,
            "support": 23680.0
        },
        "B-ORDINAL": {
            "precision": 0.42080155549978343,
            "recall": 0.08148431522570773,
            "f1-score": 0.13648261539541245,
            "support": 5228.0
        },
        "B-ORG": {
            "precision": 0.30016563728528195,
            "recall": 0.04512140195717152,
            "f1-score": 0.0757307887626669,
            "support": 24423.0
        },
        "B-PERCENT": {
            "precision": 0.9419232686555716,
            "recall": 0.2440677966101695,
            "f1-score": 0.386052374617705,
            "support": 590.0
        },
        "B-PERSON": {
            "precision": 0.2491859682220844,
            "recall": 0.17985071123421437,
            "f1-score": 0.2057384747719664,
            "support": 63903.0
        },
        "B-PRODUCT": {
            "precision": 0.22638349900465735,
            "recall": 0.041028059419948124,
            "f1-score": 0.06663687272280419,
            "support": 4241.0
        },
        "B-QUANTITY": {
            "precision": 0.14597790022913051,
            "recall": 0.036818851251840944,
            "f1-score": 0.055738877593319455,
            "support": 1358.0
        },
        "B-TIME": {
            "precision": 0.3883928571428571,
            "recall": 0.03125,
            "f1-score": 0.05695692950825748,
            "support": 320.0
        },
        "B-TITLE": {
            "precision": 0.11856992391799681,
            "recall": 0.0012697938452345384,
            "f1-score": 0.002510521618304005,
            "support": 13388.0
        },
        "B-WORK_OF_ART": {
            "precision": 0.27021650286415716,
            "recall": 0.013609145345672292,
            "f1-score": 0.025910456054459186,
            "support": 12859.0
        },
        "I-CARDINAL": {
            "precision": 0.0,
            "recall": 0.0,
            "f1-score": 0.0,
            "support": 1032.0
        },
        "I-DATE": {
            "precision": 0.4046048568767838,
            "recall": 0.03666613341865302,
            "f1-score": 0.06551568446468542,
            "support": 31255.0
        },
        "I-EVENT": {
            "precision": 0.2797410169777118,
            "recall": 0.06988122953083692,
            "f1-score": 0.10579965405306972,
            "support": 25343.0
        },
        "I-FAC": {
            "precision": 0.0,
            "recall": 0.0,
            "f1-score": 0.0,
            "support": 8575.0
        },
        "I-GPE": {
            "precision": 0.377989264601435,
            "recall": 0.01442541705385194,
            "f1-score": 0.027763742258556733,
            "support": 22599.0
        },
        "I-LANGUAGE": {
            "precision": 0.0,
            "recall": 0.0,
            "f1-score": 0.0,
            "support": 778.0
        },
        "I-LAW": {
            "precision": 0.0,
            "recall": 0.0,
            "f1-score": 0.0,
            "support": 851.0
        },
        "I-LOC": {
            "precision": 0.01053952859129971,
            "recall": 0.0003715630418627694,
            "f1-score": 0.0007178198909595086,
            "support": 8074.0
        },
        "I-MONEY": {
            "precision": 0.0,
            "recall": 0.0,
            "f1-score": 0.0,
            "support": 755.0
        },
        "I-NORP": {
            "precision": 0.0,
            "recall": 0.0,
            "f1-score": 0.0,
            "support": 5464.0
        },
        "I-ORDINAL": {
            "precision": 0.0,
            "recall": 0.0,
            "f1-score": 0.0,
            "support": 301.0
        },
        "I-ORG": {
            "precision": 0.2662374385401105,
            "recall": 0.026901751400827296,
            "f1-score": 0.04644591866239666,
            "support": 34087.0
        },
        "I-PERCENT": {
            "precision": 0.0,
            "recall": 0.0,
            "f1-score": 0.0,
            "support": 164.0
        },
        "I-PERSON": {
            "precision": 0.18462687563293464,
            "recall": 0.06948325571080062,
            "f1-score": 0.09875014302252569,
            "support": 45090.0
        },
        "I-PRODUCT": {
            "precision": 0.0,
            "recall": 0.0,
            "f1-score": 0.0,
            "support": 3208.0
        },
        "I-QUANTITY": {
            "precision": 0.3816369002739812,
            "recall": 0.09011469142545057,
            "f1-score": 0.13483098742421307,
            "support": 1831.0
        },
        "I-TIME": {
            "precision": 0.0,
            "recall": 0.0,
            "f1-score": 0.0,
            "support": 547.0
        },
        "I-TITLE": {
            "precision": 0.0,
            "recall": 0.0,
            "f1-score": 0.0,
            "support": 9297.0
        },
        "I-WORK_OF_ART": {
            "precision": 0.19261508072011443,
            "recall": 0.008420573509330906,
            "f1-score": 0.01568501429296024,
            "support": 17576.0
        },
        "O": {
            "precision": 0.7101868716092066,
            "recall": 0.98486172301032,
            "f1-score": 0.8252653179852387,
            "support": 862978.0
        }
    },
    "training_duration_seconds": 131.4332094192505,
    "average_epochs": 1,
    "labels": [
        "B-CARDINAL",
        "B-DATE",
        "B-EVENT",
        "B-FAC",
        "B-GPE",
        "B-LANGUAGE",
        "B-LAW",
        "B-LOC",
        "B-MONEY",
        "B-NORP",
        "B-ORDINAL",
        "B-ORG",
        "B-PERCENT",
        "B-PERSON",
        "B-PRODUCT",
        "B-QUANTITY",
        "B-TIME",
        "B-TITLE",
        "B-WORK_OF_ART",
        "I-CARDINAL",
        "I-DATE",
        "I-EVENT",
        "I-FAC",
        "I-GPE",
        "I-LANGUAGE",
        "I-LAW",
        "I-LOC",
        "I-MONEY",
        "I-NORP",
        "I-ORDINAL",
        "I-ORG",
        "I-PERCENT",
        "I-PERSON",
        "I-PRODUCT",
        "I-QUANTITY",
        "I-TIME",
        "I-TITLE",
        "I-WORK_OF_ART",
        "O"
    ]
}