{
    "average_accuracy": 0.6914424590042925,
    "classification_report": {
        "B-CARDINAL": {
            "precision": 0.46784736885234524,
            "recall": 0.5204180375459648,
            "f1-score": 0.4902783700974431,
            "support": 5167.0
        },
        "B-DATE": {
            "precision": 0.552666621479421,
            "recall": 0.6689214580984593,
            "f1-score": 0.6030942316638713,
            "support": 7983.0
        },
        "B-EVENT": {
            "precision": 0.2935354975601883,
            "recall": 0.04084588644264195,
            "f1-score": 0.07071058784913219,
            "support": 3452.0
        },
        "B-FAC": {
            "precision": 0.0,
            "recall": 0.0,
            "f1-score": 0.0,
            "support": 1986.0
        },
        "B-GPE": {
            "precision": 0.40460842951670495,
            "recall": 0.3983426278209204,
            "f1-score": 0.3969665667194903,
            "support": 19187.0
        },
        "B-LANGUAGE": {
            "precision": 0.6093021057082793,
            "recall": 0.35635562086700956,
            "f1-score": 0.43831310839320686,
            "support": 1361.0
        },
        "B-LAW": {
            "precision": 0.0,
            "recall": 0.0,
            "f1-score": 0.0,
            "support": 153.0
        },
        "B-LOC": {
            "precision": 0.32140915224539623,
            "recall": 0.03019279738086577,
            "f1-score": 0.0542064633649954,
            "support": 2749.0
        },
        "B-MONEY": {
            "precision": 0.11513157894736842,
            "recall": 0.006578947368421052,
            "f1-score": 0.01244665718349929,
            "support": 152.0
        },
        "B-NORP": {
            "precision": 0.5817377434699686,
            "recall": 0.4051738342395782,
            "f1-score": 0.47699955758271834,
            "support": 6069.0
        },
        "B-ORDINAL": {
            "precision": 0.5997656347585345,
            "recall": 0.6062291434927698,
            "f1-score": 0.5940748155596551,
            "support": 1798.0
        },
        "B-ORG": {
            "precision": 0.3318887647163962,
            "recall": 0.1313893653516295,
            "f1-score": 0.18666778997489514,
            "support": 8745.0
        },
        "B-PERCENT": {
            "precision": 0.7849362158015146,
            "recall": 0.4520884520884521,
            "f1-score": 0.5711525584918057,
            "support": 407.0
        },
        "B-PERSON": {
            "precision": 0.31414905631464135,
            "recall": 0.521903752224452,
            "f1-score": 0.39142057806160835,
            "support": 26411.0
        },
        "B-PRODUCT": {
            "precision": 0.34968597147992303,
            "recall": 0.07657038055937643,
            "f1-score": 0.12161457286832322,
            "support": 2181.0
        },
        "B-QUANTITY": {
            "precision": 0.180105928417085,
            "recall": 0.0255885363357216,
            "f1-score": 0.03801470481634181,
            "support": 977.0
        },
        "B-TIME": {
            "precision": 0.0,
            "recall": 0.0,
            "f1-score": 0.0,
            "support": 195.0
        },
        "B-TITLE": {
            "precision": 0.3478679818674318,
            "recall": 0.057299603779335566,
            "f1-score": 0.09398843600547938,
            "support": 3281.0
        },
        "B-WORK_OF_ART": {
            "precision": 0.2627968004873483,
            "recall": 0.06325660699062234,
            "f1-score": 0.08763771172511903,
            "support": 5865.0
        },
        "I-CARDINAL": {
            "precision": 0.5297366369629406,
            "recall": 0.12631578947368421,
            "f1-score": 0.20197312322648853,
            "support": 475.0
        },
        "I-DATE": {
            "precision": 0.6370932569902428,
            "recall": 0.38826530612244897,
            "f1-score": 0.47514738028270764,
            "support": 7840.0
        },
        "I-EVENT": {
            "precision": 0.5358596010785808,
            "recall": 0.273610447523491,
            "f1-score": 0.36088085538270204,
            "support": 6279.0
        },
        "I-FAC": {
            "precision": 0.5019754883494608,
            "recall": 0.09703196347031963,
            "f1-score": 0.1620403275336078,
            "support": 2628.0
        },
        "I-GPE": {
            "precision": 0.4853651632273091,
            "recall": 0.0892886345053148,
            "f1-score": 0.14958205534187835,
            "support": 6115.0
        },
        "I-LANGUAGE": {
            "precision": 0.7025862068965517,
            "recall": 0.04741379310344827,
            "f1-score": 0.0848373313451168,
            "support": 232.0
        },
        "I-LAW": {
            "precision": 0.5615364645738478,
            "recall": 0.10747663551401869,
            "f1-score": 0.17350878591768384,
            "support": 214.0
        },
        "I-LOC": {
            "precision": 0.6508220888263226,
            "recall": 0.1350412505427703,
            "f1-score": 0.22189707822806046,
            "support": 2303.0
        },
        "I-MONEY": {
            "precision": 0.6715181975395984,
            "recall": 0.20622568093385213,
            "f1-score": 0.3143680950705122,
            "support": 257.0
        },
        "I-NORP": {
            "precision": 0.2570043839086699,
            "recall": 0.009845288326300985,
            "f1-score": 0.01857123895546578,
            "support": 1422.0
        },
        "I-ORDINAL": {
            "precision": 0.0,
            "recall": 0.0,
            "f1-score": 0.0,
            "support": 88.0
        },
        "I-ORG": {
            "precision": 0.4693514630089942,
            "recall": 0.21534493874919408,
            "f1-score": 0.2911121497622268,
            "support": 9306.0
        },
        "I-PERCENT": {
            "precision": 0.0,
            "recall": 0.0,
            "f1-score": 0.0,
            "support": 94.0
        },
        "I-PERSON": {
            "precision": 0.22241745730888643,
            "recall": 0.11784850926672039,
            "f1-score": 0.14085337798563471,
            "support": 19856.0
        },
        "I-PRODUCT": {
            "precision": 0.2200470901594948,
            "recall": 0.014465408805031447,
            "f1-score": 0.026611639405231795,
            "support": 1590.0
        },
        "I-QUANTITY": {
            "precision": 0.7894179419924343,
            "recall": 0.43086816720257237,
            "f1-score": 0.5517240551394829,
            "support": 933.0
        },
        "I-TIME": {
            "precision": 0.6120580808080809,
            "recall": 0.11363636363636363,
            "f1-score": 0.18067314557790318,
            "support": 176.0
        },
        "I-TITLE": {
            "precision": 0.5052046306146584,
            "recall": 0.07982646420824295,
            "f1-score": 0.135648012024791,
            "support": 2305.0
        },
        "I-WORK_OF_ART": {
            "precision": 0.3036716916332357,
            "recall": 0.11052694467678337,
            "f1-score": 0.1588261478865894,
            "support": 8369.0
        },
        "O": {
            "precision": 0.8150962714616065,
            "recall": 0.9572338454412105,
            "f1-score": 0.8804058401769509,
            "support": 259060.0
        }
    },
    "training_duration_seconds": 70.00714325904846,
    "average_epochs": 1,