{
    "average_accuracy": 0.7296706867251794,
    "classification_report": {
        "B-CARDINAL": {
            "precision": 0.49118784493276685,
            "recall": 0.5716099005711869,
            "f1-score": 0.5280068982650113,
            "support": 4727.0
        },
        "B-DATE": {
            "precision": 0.5699445566541693,
            "recall": 0.7025034770514603,
            "f1-score": 0.6292601094752813,
            "support": 7190.0
        },
        "B-EVENT": {
            "precision": 0.482670661656751,
            "recall": 0.030946383591219862,
            "f1-score": 0.058087358441188765,
            "support": 2779.0
        },
        "B-FAC": {
            "precision": 0.0,
            "recall": 0.0,
            "f1-score": 0.0,
            "support": 1487.0
        },
        "B-GPE": {
            "precision": 0.44461458083512523,
            "recall": 0.47959113198425307,
            "f1-score": 0.461332426466765,
            "support": 14479.0
        },
        "B-LANGUAGE": {
            "precision": 0.7690315593925109,
            "recall": 0.4556489262371615,
            "f1-score": 0.5716128367128105,
            "support": 1071.0
        },
        "B-LAW": {
            "precision": 0.0,
            "recall": 0.0,
            "f1-score": 0.0,
            "support": 109.0
        },
        "B-LOC": {
            "precision": 0.3897117566890376,
            "recall": 0.02857142857142857,
            "f1-score": 0.0532158545482685,
            "support": 2065.0
        },
        "B-MONEY": {
            "precision": 0.0,
            "recall": 0.0,
            "f1-score": 0.0,
            "support": 125.0
        },
        "B-NORP": {
            "precision": 0.6426339275791901,
            "recall": 0.4614131541437589,
            "f1-score": 0.537091345578053,
            "support": 4911.0
        },
        "B-ORDINAL": {
            "precision": 0.6861015069705024,
            "recall": 0.5336109458655562,
            "f1-score": 0.6002629185124302,
            "support": 1681.0
        },
        "B-ORG": {
            "precision": 0.359633338546569,
            "recall": 0.16397301114075005,
            "f1-score": 0.22430413540726724,
            "support": 6373.0
        },
        "B-PERCENT": {
            "precision": 0.89188261836869,
            "recall": 0.41924398625429554,
            "f1-score": 0.568310594820555,
            "support": 291.0
        },
        "B-PERSON": {
            "precision": 0.3913084839263385,
            "recall": 0.548267778067205,
            "f1-score": 0.4566434630947248,
            "support": 19195.0
        },
        "B-PRODUCT": {
            "precision": 0.4519322636223057,
            "recall": 0.0696774193548387,
            "f1-score": 0.12051926600604808,
            "support": 1550.0
        },
        "B-QUANTITY": {
            "precision": 0.0,
            "recall": 0.0,
            "f1-score": 0.0,
            "support": 817.0
        },
        "B-TIME": {
            "precision": 0.0,
            "recall": 0.0,
            "f1-score": 0.0,
            "support": 164.0
        },
        "B-TITLE": {
            "precision": 0.34616481347897116,
            "recall": 0.0519237952932387,
            "f1-score": 0.08980448656846671,
            "support": 2677.0
        },
        "B-WORK_OF_ART": {
            "precision": 0.41131321202866844,
            "recall": 0.047238703788224555,
            "f1-score": 0.08471861868667396,
            "support": 4382.0
        },
        "I-CARDINAL": {
            "precision": 0.2988021982274856,
            "recall": 0.06712962962962964,
            "f1-score": 0.1090542155058284,
            "support": 432.0
        },
        "I-DATE": {
            "precision": 0.6806874430372531,
            "recall": 0.4023506901735684,
            "f1-score": 0.5057086708258909,
            "support": 7317.0
        },
        "I-EVENT": {
            "precision": 0.5564690271845615,
            "recall": 0.33483896307934014,
            "f1-score": 0.4179545839407848,
            "support": 5092.0
        },
        "I-FAC": {
            "precision": 0.6247799987372503,
            "recall": 0.12531839021905247,
            "f1-score": 0.20749480248620392,
            "support": 1963.0
        },
        "I-GPE": {
            "precision": 0.5479341658457778,
            "recall": 0.10677406030565882,
            "f1-score": 0.1786010089475096,
            "support": 4842.0
        },
        "I-LANGUAGE": {
            "precision": 0.0,
            "recall": 0.0,
            "f1-score": 0.0,
            "support": 186.0
        },
        "I-LAW": {
            "precision": 0.11180124223602485,
            "recall": 0.006211180124223602,
            "f1-score": 0.011768551814318405,
            "support": 161.0
        },
        "I-LOC": {
            "precision": 0.6568142422269087,
            "recall": 0.14527421236872812,
            "f1-score": 0.23761352982233755,
            "support": 1714.0
        },
        "I-MONEY": {
            "precision": 0.4912621359223301,
            "recall": 0.1553398058252427,
            "f1-score": 0.20827237664583056,
            "support": 206.0
        },
        "I-NORP": {
            "precision": 0.266318856621956,
            "recall": 0.010938924339106655,
            "f1-score": 0.021007179088302543,
            "support": 1097.0
        },
        "I-ORDINAL": {
            "precision": 0.0,
            "recall": 0.0,
            "f1-score": 0.0,
            "support": 79.0
        },
        "I-ORG": {
            "precision": 0.4763227265870424,
            "recall": 0.292494014927475,
            "f1-score": 0.3615351614861258,
            "support": 7101.0
        },
        "I-PERCENT": {
            "precision": 0.0,
            "recall": 0.0,
            "f1-score": 0.0,
            "support": 76.0
        },
        "I-PERSON": {
            "precision": 0.2555622598214187,
            "recall": 0.20496688741721855,
            "f1-score": 0.22725119511355574,
            "support": 15100.0
        },
        "I-PRODUCT": {
            "precision": 0.04422050978067576,
            "recall": 0.0016597510373443983,
            "f1-score": 0.003199416728317626,
            "support": 1205.0
        },
        "I-QUANTITY": {
            "precision": 0.9558586060686901,
            "recall": 0.38257575757575757,
            "f1-score": 0.5464016216483322,
            "support": 792.0
        },
        "I-TIME": {
            "precision": 0.0,
            "recall": 0.0,
            "f1-score": 0.0,
            "support": 151.0
        },
        "I-TITLE": {
            "precision": 0.5576925545800283,
            "recall": 0.08006535947712418,
            "f1-score": 0.13920408908912077,
            "support": 1836.0
        },
        "I-WORK_OF_ART": {
            "precision": 0.3391635096705994,
            "recall": 0.2521971123666039,
            "f1-score": 0.28879369746646355,
            "support": 6372.0
        },
        "O": {
            "precision": 0.8394758190724182,
            "recall": 0.9677663376562196,
            "f1-score": 0.8990659747759716,
            "support": 220763.0
        }
    },
    "training_duration_seconds": 138.48849844932556,
    "average_epochs": 36,