{
    "average_accuracy": 0.77217447304586,
    "classification_report": {
        "B-DATE": {
            "precision": 0.7254009968334721,
            "recall": 0.6942222222222222,
            "f1-score": 0.706517471333585,
            "support": 1125.0
        },
        "B-EVENT": {
            "precision": 0.3907072556649119,
            "recall": 0.019455252918287938,
            "f1-score": 0.03494048255608295,
            "support": 257.0
        },
        "B-LOC": {
            "precision": 0.5554511704241883,
            "recall": 0.4893122676579926,
            "f1-score": 0.5190804295268237,
            "support": 2152.0
        },
        "B-ORG": {
            "precision": 0.4406710818375478,
            "recall": 0.30005640157924424,
            "f1-score": 0.3538437223674975,
            "support": 1773.0
        },
        "B-PER": {
            "precision": 0.45868652330064696,
            "recall": 0.6189488243430152,
            "f1-score": 0.5259438096829933,
            "support": 2892.0
        },
        "B-PRO": {
            "precision": 0.3961216303917171,
            "recall": 0.2738317757009346,
            "f1-score": 0.2893649380206238,
            "support": 1070.0
        },
        "I-DATE": {
            "precision": 0.7427581388722063,
            "recall": 0.7667386609071274,
            "f1-score": 0.7523345848760008,
            "support": 926.0
        },
        "I-EVENT": {
            "precision": 0.4301380262249827,
            "recall": 0.10158730158730159,
            "f1-score": 0.16086733251400645,
            "support": 315.0
        },
        "I-LOC": {
            "precision": 0.15410890094434396,
            "recall": 0.02109704641350211,
            "f1-score": 0.03659133756090395,
            "support": 237.0
        },
        "I-ORG": {
            "precision": 0.375285771358858,
            "recall": 0.10369774919614148,
            "f1-score": 0.15965288365410574,
            "support": 1244.0
        },
        "I-PER": {
            "precision": 0.33140987075000655,
            "recall": 0.12164477441462021,
            "f1-score": 0.17610277933903987,
            "support": 1751.0
        },
        "I-PRO": {
            "precision": 0.438537604658923,
            "recall": 0.1921182266009852,
            "f1-score": 0.26245163010686906,
            "support": 2233.0
        },
        "O": {
            "precision": 0.8599332736447914,
            "recall": 0.9603673843064292,
            "f1-score": 0.9073406525369494,
            "support": 33861.0
        }
    },
    "training_duration_seconds": 1.0558843612670898,
    "average_epochs": 1,
    "labels": [
        "B-DATE",
        "B-EVENT",
        "B-LOC",
        "B-ORG",
        "B-PER",
        "B-PRO",
        "I-DATE",
        "I-EVENT",
        "I-LOC",
        "I-ORG",
        "I-PER",
        "I-PRO",
        "O"
    ]
}