{
    "average_accuracy": 0.7345596437022298,
    "classification_report": {
        "B-DATE": {
            "precision": 0.7625508511500082,
            "recall": 0.589171974522293,
            "f1-score": 0.6641599069728789,
            "support": 1256.0
        },
        "B-EVENT": {
            "precision": 0.2921613445378151,
            "recall": 0.05714285714285714,
            "f1-score": 0.09481463116312126,
            "support": 350.0
        },
        "B-LOC": {
            "precision": 0.4821567383044784,
            "recall": 0.3156808803301238,
            "f1-score": 0.38101197807316783,
            "support": 2908.0
        },
        "B-ORG": {
            "precision": 0.3713861353467399,
            "recall": 0.23745410036719705,
            "f1-score": 0.2895499752814661,
            "support": 2451.0
        },
        "B-PER": {
            "precision": 0.39986805818693166,
            "recall": 0.44921875,
            "f1-score": 0.4223807536637659,
            "support": 3840.0
        },
        "B-PRO": {
            "precision": 0.2840371239247644,
            "recall": 0.05278592375366569,
            "f1-score": 0.08901879191676966,
            "support": 1364.0
        },
        "I-DATE": {
            "precision": 0.6903208008834046,
            "recall": 0.8002018163471241,
            "f1-score": 0.7400217977190919,
            "support": 991.0
        },
        "I-EVENT": {
            "precision": 0.4367618492618493,
            "recall": 0.041025641025641026,
            "f1-score": 0.07356116616852813,
            "support": 390.0
        },
        "I-LOC": {
            "precision": 0.3229357798165137,
            "recall": 0.009174311926605505,
            "f1-score": 0.01773439109438331,
            "support": 327.0
        },
        "I-ORG": {
            "precision": 0.20788284075727276,
            "recall": 0.030867792661619105,
            "f1-score": 0.05312031583875864,
            "support": 1717.0
        },
        "I-PER": {
            "precision": 0.2790914351393772,
            "recall": 0.06881143878462913,
            "f1-score": 0.10969344880305797,
            "support": 2238.0
        },
        "I-PRO": {
            "precision": 0.3611625200637973,
            "recall": 0.15767344078486334,
            "f1-score": 0.21918209157281182,
            "support": 2854.0
        },
        "O": {
            "precision": 0.8057718383644955,
            "recall": 0.9680709962138568,
            "f1-score": 0.8794401613145456,
            "support": 41467.0
        }
    },
    "training_duration_seconds": 26.20821452140808,
    "average_epochs": 72,
    "labels": [
        "B-DATE",
        "B-EVENT",
        "B-LOC",
        "B-ORG",
        "B-PER",
        "B-PRO",
        "I-DATE",
        "I-EVENT",
        "I-LOC",
        "I-ORG",
        "I-PER",
        "I-PRO",
        "O"
    ]
}