{
    "average_accuracy": 0.7484880435154954,
    "classification_report": {
        "B-DATE": {
            "precision": 0.5661785743428255,
            "recall": 0.4995136186770428,
            "f1-score": 0.5294206313038293,
            "support": 4112.0
        },
        "B-EVENT": {
            "precision": 0.030335493311036788,
            "recall": 0.004273504273504274,
            "f1-score": 0.0074828937618672715,
            "support": 936.0
        },
        "B-LOC": {
            "precision": 0.44177715568606934,
            "recall": 0.15747444633730834,
            "f1-score": 0.22524393869415907,
            "support": 9392.0
        },
        "B-ORG": {
            "precision": 0.2781911201062119,
            "recall": 0.061261922230374175,
            "f1-score": 0.09967713149448239,
            "support": 5452.0
        },
        "B-PER": {
            "precision": 0.3665719800985265,
            "recall": 0.24812698412698414,
            "f1-score": 0.2920860998361315,
            "support": 7875.0
        },
        "B-PRO": {
            "precision": 0.43651777903125333,
            "recall": 0.12234580384226491,
            "f1-score": 0.18783394823193228,
            "support": 1978.0
        },
        "I-DATE": {
            "precision": 0.5432355702385516,
            "recall": 0.5466086325716358,
            "f1-score": 0.5423705292615176,
            "support": 2757.0
        },
        "I-EVENT": {
            "precision": 0.31354064648066515,
            "recall": 0.039101497504159734,
            "f1-score": 0.06931562390720838,
            "support": 1202.0
        },
        "I-LOC": {
            "precision": 0.0,
            "recall": 0.0,
            "f1-score": 0.0,
            "support": 977.0
        },
        "I-ORG": {
            "precision": 0.23684086171059238,
            "recall": 0.011836820968082858,
            "f1-score": 0.021858724533676287,
            "support": 4731.0
        },
        "I-PER": {
            "precision": 0.27442855678527084,
            "recall": 0.07236227824463119,
            "f1-score": 0.1087551231141242,
            "support": 4284.0
        },
        "I-PRO": {
            "precision": 0.3697080619430637,
            "recall": 0.08313173521002859,
            "f1-score": 0.1317381368170796,
            "support": 4547.0
        },
        "O": {
            "precision": 0.7933956957613592,
            "recall": 0.9714823868873482,
            "f1-score": 0.8733592737925852,
            "support": 124765.0
        }
    },
    "training_duration_seconds": 11.46404242515564,
    "average_epochs": 1,
    "labels": [
        "B-DATE",
        "B-EVENT",
        "B-LOC",
        "B-ORG",
        "B-PER",
        "B-PRO",
        "I-DATE",
        "I-EVENT",
        "I-LOC",
        "I-ORG",
        "I-PER",
        "I-PRO",
        "O"
    ]
}