{
    "average_accuracy": 0.7277264164537091,
    "classification_report": {
        "B-DATE": {
            "precision": 0.2744931789928742,
            "recall": 0.10741103493307215,
            "f1-score": 0.14166332342130372,
            "support": 6126.0
        },
        "B-EVENT": {
            "precision": 0.0,
            "recall": 0.0,
            "f1-score": 0.0,
            "support": 1245.0
        },
        "B-LOC": {
            "precision": 0.2798133436437566,
            "recall": 0.052987881320518175,
            "f1-score": 0.08824864309067428,
            "support": 11965.0
        },
        "B-ORG": {
            "precision": 0.2875265552923242,
            "recall": 0.04021767985134059,
            "f1-score": 0.07038091258926729,
            "support": 7534.0
        },
        "B-PER": {
            "precision": 0.2885367385814279,
            "recall": 0.08491071428571428,
            "f1-score": 0.13103477747995493,
            "support": 11200.0
        },
        "B-PRO": {
            "precision": 0.35805434008786624,
            "recall": 0.09300769488123119,
            "f1-score": 0.1457104956290722,
            "support": 2989.0
        },
        "I-DATE": {
            "precision": 0.4549876064612484,
            "recall": 0.5077510671759156,
            "f1-score": 0.46501299842068056,
            "support": 4451.0
        },
        "I-EVENT": {
            "precision": 0.0,
            "recall": 0.0,
            "f1-score": 0.0,
            "support": 1623.0
        },
        "I-LOC": {
            "precision": 0.0,
            "recall": 0.0,
            "f1-score": 0.0,
            "support": 1255.0
        },
        "I-ORG": {
            "precision": 0.09034653465346534,
            "recall": 0.00015969338869370808,
            "f1-score": 0.00031882323653626945,
            "support": 6262.0
        },
        "I-PER": {
            "precision": 0.23552392041654127,
            "recall": 0.012312811980033278,
            "f1-score": 0.022572064024470605,
            "support": 6010.0
        },
        "I-PRO": {
            "precision": 0.16603759074383947,
            "recall": 0.013042874982655751,
            "f1-score": 0.02389288332271207,
            "support": 7207.0
        },
        "O": {
            "precision": 0.7551084630289303,
            "recall": 0.9837056946077608,
            "f1-score": 0.8543602970450116,
            "support": 172637.0
        }
    },
    "training_duration_seconds": 5.116963863372803,
    "average_epochs": 1,
    "labels": [
        "B-DATE",
        "B-EVENT",
        "B-LOC",
        "B-ORG",
        "B-PER",
        "B-PRO",
        "I-DATE",
        "I-EVENT",
        "I-LOC",
        "I-ORG",
        "I-PER",
        "I-PRO",
        "O"
    ]
}