{
    "average_accuracy": 0.7972200367806858,
    "classification_report": {
        "B-DATE": {
            "precision": 0.7325964154900284,
            "recall": 0.6976336546888694,
            "f1-score": 0.713761972088746,
            "support": 2282.0
        },
        "B-EVENT": {
            "precision": 0.14616434097817077,
            "recall": 0.0182370820668693,
            "f1-score": 0.03216517486562105,
            "support": 658.0
        },
        "B-LOC": {
            "precision": 0.606373194516453,
            "recall": 0.3798392987582177,
            "f1-score": 0.46674424522088603,
            "support": 6845.0
        },
        "B-ORG": {
            "precision": 0.3260468800062237,
            "recall": 0.12214386459802538,
            "f1-score": 0.17499195832720393,
            "support": 3545.0
        },
        "B-PER": {
            "precision": 0.5029067979412666,
            "recall": 0.46886368499893,
            "f1-score": 0.48416253190971625,
            "support": 4673.0
        },
        "B-PRO": {
            "precision": 0.5151670457071371,
            "recall": 0.08823529411764706,
            "f1-score": 0.15065925902784616,
            "support": 1394.0
        },
        "I-DATE": {
            "precision": 0.6031936347915429,
            "recall": 0.5561545372866128,
            "f1-score": 0.5776661477262021,
            "support": 1113.0
        },
        "I-EVENT": {
            "precision": 0.4081828525651607,
            "recall": 0.0771055753262159,
            "f1-score": 0.1272637929954237,
            "support": 843.0
        },
        "I-LOC": {
            "precision": 0.12929800296037466,
            "recall": 0.006915629322268326,
            "f1-score": 0.013077848065915918,
            "support": 723.0
        },
        "I-ORG": {
            "precision": 0.31756958700318183,
            "recall": 0.0870996707572583,
            "f1-score": 0.1362246517172407,
            "support": 3341.0
        },
        "I-PER": {
            "precision": 0.33033155613654386,
            "recall": 0.21926910299003322,
            "f1-score": 0.2613918603847475,
            "support": 2709.0
        },
        "I-PRO": {
            "precision": 0.4060698569540989,
            "recall": 0.11538461538461539,
            "f1-score": 0.17878609904243872,
            "support": 2678.0
        },
        "O": {
            "precision": 0.8459364278348942,
            "recall": 0.9781698082809731,
            "f1-score": 0.9072503773141798,
            "support": 86898.0
        }
    },
    "training_duration_seconds": 2.3851709365844727,
    "average_epochs": 1,
    "labels": [
        "B-DATE",
        "B-EVENT",
        "B-LOC",
        "B-ORG",
        "B-PER",
        "B-PRO",
        "I-DATE",
        "I-EVENT",
        "I-LOC",
        "I-ORG",
        "I-PER",
        "I-PRO",
        "O"
    ]
}