{
    "average_accuracy": 0.8159030931204615,
    "classification_report": {
        "B-DATE": {
            "precision": 0.8245533163790124,
            "recall": 0.6732869910625621,
            "f1-score": 0.7410944596560114,
            "support": 1007.0
        },
        "B-EVENT": {
            "precision": 0.0,
            "recall": 0.0,
            "f1-score": 0.0,
            "support": 156.0
        },
        "B-LOC": {
            "precision": 0.7175579378287513,
            "recall": 0.4434984520123839,
            "f1-score": 0.5478422910223425,
            "support": 1292.0
        },
        "B-ORG": {
            "precision": 0.4880131698601022,
            "recall": 0.2573599240265907,
            "f1-score": 0.3353934387399621,
            "support": 1053.0
        },
        "B-PER": {
            "precision": 0.6889135069162097,
            "recall": 0.5384153661464586,
            "f1-score": 0.6035898770895715,
            "support": 1666.0
        },
        "B-PRO": {
            "precision": 0.4764321273563362,
            "recall": 0.1415525114155251,
            "f1-score": 0.15617685092557007,
            "support": 657.0
        },
        "I-DATE": {
            "precision": 0.7833169374077724,
            "recall": 0.856140350877193,
            "f1-score": 0.8176693449015581,
            "support": 855.0
        },
        "I-EVENT": {
            "precision": 0.6858538657604077,
            "recall": 0.1261682242990654,
            "f1-score": 0.21009056562844589,
            "support": 214.0
        },
        "I-LOC": {
            "precision": 0.1952054794520548,
            "recall": 0.00684931506849315,
            "f1-score": 0.013234269793359647,
            "support": 146.0
        },
        "I-ORG": {
            "precision": 0.4649950616511926,
            "recall": 0.11734693877551021,
            "f1-score": 0.18558858021284466,
            "support": 784.0
        },
        "I-PER": {
            "precision": 0.4874124809741248,
            "recall": 0.04337899543378995,
            "f1-score": 0.07961782469678066,
            "support": 876.0
        },
        "I-PRO": {
            "precision": 0.4611722179713147,
            "recall": 0.40926892950391647,
            "f1-score": 0.4260033692592017,
            "support": 1532.0
        },
        "O": {
            "precision": 0.8553231145073776,
            "recall": 0.9806967447173044,
            "f1-score": 0.9137287474259075,
            "support": 26265.0
        }
    },
    "training_duration_seconds": 21.270944118499756,
    "average_epochs": 92,
    "labels": [
        "B-DATE",
        "B-EVENT",
        "B-LOC",
        "B-ORG",
        "B-PER",
        "B-PRO",
        "I-DATE",
        "I-EVENT",
        "I-LOC",
        "I-ORG",
        "I-PER",
        "I-PRO",
        "O"
    ]
}