{
    "average_accuracy": 0.7286640526244316,
    "classification_report": {
        "B-DATE": {
            "precision": 0.27084256439520044,
            "recall": 0.028077048645119163,
            "f1-score": 0.05074036094611003,
            "support": 6126.0
        },
        "B-EVENT": {
            "precision": 0.0,
            "recall": 0.0,
            "f1-score": 0.0,
            "support": 1245.0
        },
        "B-LOC": {
            "precision": 0.31086277905116383,
            "recall": 0.040284162139573754,
            "f1-score": 0.0712324643309124,
            "support": 11965.0
        },
        "B-ORG": {
            "precision": 0.29728626709624684,
            "recall": 0.029864613750995486,
            "f1-score": 0.054246770329918356,
            "support": 7534.0
        },
        "B-PER": {
            "precision": 0.28289693727951587,
            "recall": 0.10696428571428572,
            "f1-score": 0.15518838158509765,
            "support": 11200.0
        },
        "B-PRO": {
            "precision": 0.31995093119214896,
            "recall": 0.003011040481766477,
            "f1-score": 0.005959345132286848,
            "support": 2989.0
        },
        "I-DATE": {
            "precision": 0.43764772060498974,
            "recall": 0.623904740507751,
            "f1-score": 0.514318478326889,
            "support": 4451.0
        },
        "I-EVENT": {
            "precision": 0.0,
            "recall": 0.0,
            "f1-score": 0.0,
            "support": 1623.0
        },
        "I-LOC": {
            "precision": 0.0,
            "recall": 0.0,
            "f1-score": 0.0,
            "support": 1255.0
        },
        "I-ORG": {
            "precision": 0.0,
            "recall": 0.0,
            "f1-score": 0.0,
            "support": 6262.0
        },
        "I-PER": {
            "precision": 0.5585898502495841,
            "recall": 0.001497504159733777,
            "f1-score": 0.0029764780544383656,
            "support": 6010.0
        },
        "I-PRO": {
            "precision": 0.33975990014450097,
            "recall": 0.0435687526016373,
            "f1-score": 0.07722145995094926,
            "support": 7207.0
        },
        "O": {
            "precision": 0.7529168194163933,
            "recall": 0.9853797274049017,
            "f1-score": 0.853575236583099,
            "support": 172637.0
        }
    },
    "training_duration_seconds": 42.94226312637329,
    "average_epochs": 34,
    "labels": [
        "B-DATE",
        "B-EVENT",
        "B-LOC",
        "B-ORG",
        "B-PER",
        "B-PRO",
        "I-DATE",
        "I-EVENT",
        "I-LOC",
        "I-ORG",
        "I-PER",
        "I-PRO",
        "O"
    ]
}