{
    "average_accuracy": 0.7072427611099684,
    "classification_report": {
        "B-DATE": {
            "precision": 0.5613677937784302,
            "recall": 0.40657361548851867,
            "f1-score": 0.47052226200678293,
            "support": 2221.0
        },
        "B-EVENT": {
            "precision": 0.0,
            "recall": 0.0,
            "f1-score": 0.0,
            "support": 636.0
        },
        "B-LOC": {
            "precision": 0.3642357041067194,
            "recall": 0.08722856091277144,
            "f1-score": 0.13827423400011205,
            "support": 5434.0
        },
        "B-ORG": {
            "precision": 0.2786304663808744,
            "recall": 0.07263634198618718,
            "f1-score": 0.1124928002408486,
            "support": 4199.0
        },
        "B-PER": {
            "precision": 0.3137372257175761,
            "recall": 0.1762038774233896,
            "f1-score": 0.2256605487247422,
            "support": 6396.0
        },
        "B-PRO": {
            "precision": 0.15320778190086012,
            "recall": 0.025160335471139616,
            "f1-score": 0.04145060707811914,
            "support": 2027.0
        },
        "I-DATE": {
            "precision": 0.5243432338783038,
            "recall": 0.724102030192608,
            "f1-score": 0.6069444041873342,
            "support": 1921.0
        },
        "I-EVENT": {
            "precision": 0.6293870696893367,
            "recall": 0.02644836272040302,
            "f1-score": 0.050645672779154494,
            "support": 794.0
        },
        "I-LOC": {
            "precision": 0.04098514758413235,
            "recall": 0.001692047377326565,
            "f1-score": 0.0032499235969796585,
            "support": 591.0
        },
        "I-ORG": {
            "precision": 0.1595917606467581,
            "recall": 0.012576588197355692,
            "f1-score": 0.022248694731698854,
            "support": 3101.0
        },
        "I-PER": {
            "precision": 0.26149306500063935,
            "recall": 0.044911881750994885,
            "f1-score": 0.06738832130385457,
            "support": 3518.0
        },
        "I-PRO": {
            "precision": 0.27924036256903656,
            "recall": 0.04856562005873052,
            "f1-score": 0.07624074546467728,
            "support": 4427.0
        },
        "O": {
            "precision": 0.7495071058992735,
            "recall": 0.9741915954884646,
            "f1-score": 0.8471441531977301,
            "support": 75983.0
        }
    },
    "training_duration_seconds": 2.258559226989746,
    "average_epochs": 1,
    "labels": [
        "B-DATE",
        "B-EVENT",
        "B-LOC",
        "B-ORG",
        "B-PER",
        "B-PRO",
        "I-DATE",
        "I-EVENT",
        "I-LOC",
        "I-ORG",
        "I-PER",
        "I-PRO",
        "O"
    ]
}