{
    "average_accuracy": 0.7334497101502968,
    "classification_report": {
        "B-DATE": {
            "precision": 0.7174862069398611,
            "recall": 0.6321656050955414,
            "f1-score": 0.6667427184796157,
            "support": 1256.0
        },
        "B-EVENT": {
            "precision": 0.35915275721272494,
            "recall": 0.08857142857142856,
            "f1-score": 0.139575019218835,
            "support": 350.0
        },
        "B-LOC": {
            "precision": 0.4971578499355581,
            "recall": 0.32083906464924344,
            "f1-score": 0.3850767240671845,
            "support": 2908.0
        },
        "B-ORG": {
            "precision": 0.36139877340089216,
            "recall": 0.2452060383516932,
            "f1-score": 0.2892128029095516,
            "support": 2451.0
        },
        "B-PER": {
            "precision": 0.3893722389774636,
            "recall": 0.47317708333333336,
            "f1-score": 0.42036753004702354,
            "support": 3840.0
        },
        "B-PRO": {
            "precision": 0.3437478284555507,
            "recall": 0.2844509948415623,
            "f1-score": 0.3064224096523533,
            "support": 1357.0
        },
        "I-DATE": {
            "precision": 0.6928904995950965,
            "recall": 0.763874873864783,
            "f1-score": 0.721206856562137,
            "support": 991.0
        },
        "I-EVENT": {
            "precision": 0.47685274576974984,
            "recall": 0.08205128205128205,
            "f1-score": 0.1386668524226104,
            "support": 390.0
        },
        "I-LOC": {
            "precision": 0.13612203291102376,
            "recall": 0.012232415902140673,
            "f1-score": 0.02228037265662253,
            "support": 327.0
        },
        "I-ORG": {
            "precision": 0.2266035919447088,
            "recall": 0.0448456610366919,
            "f1-score": 0.07266627605111071,
            "support": 1717.0
        },
        "I-PER": {
            "precision": 0.3050716975622374,
            "recall": 0.09919571045576407,
            "f1-score": 0.14409757488720662,
            "support": 2238.0
        },
        "I-PRO": {
            "precision": 0.3926663761264073,
            "recall": 0.14891380518570427,
            "f1-score": 0.21343392147019674,
            "support": 2854.0
        },
        "O": {
            "precision": 0.8257269266907,
            "recall": 0.9531219841729396,
            "f1-score": 0.8846647536253023,
            "support": 41448.0
        }
    },
    "training_duration_seconds": 3.987933397293091,
    "average_epochs": 1,
    "labels": [
        "B-DATE",
        "B-EVENT",
        "B-LOC",
        "B-ORG",
        "B-PER",
        "B-PRO",
        "I-DATE",
        "I-EVENT",
        "I-LOC",
        "I-ORG",
        "I-PER",
        "I-PRO",
        "O"
    ]
}