{
    "average_accuracy": 0.8093360984363546,
    "classification_report": {
        "B-DATE": {
            "precision": 0.8768892990049288,
            "recall": 0.6385302879841113,
            "f1-score": 0.7380918052816409,
            "support": 1007.0
        },
        "B-EVENT": {
            "precision": 0.0,
            "recall": 0.0,
            "f1-score": 0.0,
            "support": 156.0
        },
        "B-LOC": {
            "precision": 0.6795520801240876,
            "recall": 0.4326625386996904,
            "f1-score": 0.5269988151675511,
            "support": 1292.0
        },
        "B-ORG": {
            "precision": 0.41744508783000955,
            "recall": 0.1557454890788224,
            "f1-score": 0.2257764531901331,
            "support": 1053.0
        },
        "B-PER": {
            "precision": 0.6705098824235753,
            "recall": 0.5018007202881153,
            "f1-score": 0.5717664892609278,
            "support": 1666.0
        },
        "B-PRO": {
            "precision": 0.21610665489837505,
            "recall": 0.23170731707317074,
            "f1-score": 0.2229978573832214,
            "support": 656.0
        },
        "I-DATE": {
            "precision": 0.7896082784755774,
            "recall": 0.8432748538011696,
            "f1-score": 0.8144579231426025,
            "support": 855.0
        },
        "I-EVENT": {
            "precision": 0.4872422489244919,
            "recall": 0.04672897196261682,
            "f1-score": 0.08120893204891601,
            "support": 214.0
        },
        "I-LOC": {
            "precision": 0.0,
            "recall": 0.0,
            "f1-score": 0.0,
            "support": 146.0
        },
        "I-ORG": {
            "precision": 0.4935531579154028,
            "recall": 0.11862244897959184,
            "f1-score": 0.18988675168201263,
            "support": 784.0
        },
        "I-PER": {
            "precision": 0.39877097788056687,
            "recall": 0.021689497716894976,
            "f1-score": 0.04055763757154622,
            "support": 876.0
        },
        "I-PRO": {
            "precision": 0.4701731461332289,
            "recall": 0.3661879895561358,
            "f1-score": 0.3986922738720798,
            "support": 1532.0
        },
        "O": {
            "precision": 0.8474754880445288,
            "recall": 0.9819449205805051,
            "f1-score": 0.9097592473597943,
            "support": 26253.0
        }
    },
    "training_duration_seconds": 2.53887677192688,
    "average_epochs": 1,
    "labels": [
        "B-DATE",
        "B-EVENT",
        "B-LOC",
        "B-ORG",
        "B-PER",
        "B-PRO",
        "I-DATE",
        "I-EVENT",
        "I-LOC",
        "I-ORG",
        "I-PER",
        "I-PRO",
        "O"
    ]
}