{
    "average_accuracy": 0.7523152884913484,
    "classification_report": {
        "B-DATE": {
            "precision": 0.7449890144693533,
            "recall": 0.603836530442035,
            "f1-score": 0.6668358365280622,
            "support": 1199.0
        },
        "B-EVENT": {
            "precision": 0.6164416441644165,
            "recall": 0.10231023102310231,
            "f1-score": 0.17069961458964084,
            "support": 303.0
        },
        "B-LOC": {
            "precision": 0.5614302710253578,
            "recall": 0.39648836259697834,
            "f1-score": 0.46455392221680564,
            "support": 2449.0
        },
        "B-ORG": {
            "precision": 0.3736409231987878,
            "recall": 0.23887027285782672,
            "f1-score": 0.29060244155752085,
            "support": 2089.0
        },
        "B-PER": {
            "precision": 0.4388460053513855,
            "recall": 0.5398881365911098,
            "f1-score": 0.481315532696741,
            "support": 3397.0
        },
        "B-PRO": {
            "precision": 0.36069918159129966,
            "recall": 0.07404393816110659,
            "f1-score": 0.1227858727290355,
            "support": 1229.0
        },
        "I-DATE": {
            "precision": 0.7039565088330487,
            "recall": 0.8170347003154574,
            "f1-score": 0.7551570288742395,
            "support": 951.0
        },
        "I-EVENT": {
            "precision": 0.39690476190476187,
            "recall": 0.014285714285714285,
            "f1-score": 0.027246539995308468,
            "support": 350.0
        },
        "I-LOC": {
            "precision": 0.17407407407407408,
            "recall": 0.003703703703703704,
            "f1-score": 0.007253086419753086,
            "support": 270.0
        },
        "I-ORG": {
            "precision": 0.29702731635425106,
            "recall": 0.05870165745856354,
            "f1-score": 0.09675923660361639,
            "support": 1448.0
        },
        "I-PER": {
            "precision": 0.3227111382196723,
            "recall": 0.10137544574630668,
            "f1-score": 0.15185355826415103,
            "support": 1963.0
        },
        "I-PRO": {
            "precision": 0.4012837413650921,
            "recall": 0.19833068362480127,
            "f1-score": 0.2649136945841819,
            "support": 2516.0
        },
        "O": {
            "precision": 0.8274344592137881,
            "recall": 0.9679158875972144,
            "f1-score": 0.8921291875046207,
            "support": 36903.0
        }
    },
    "training_duration_seconds": 23.09163212776184,
    "average_epochs": 71,
    "labels": [
        "B-DATE",
        "B-EVENT",
        "B-LOC",
        "B-ORG",
        "B-PER",
        "B-PRO",
        "I-DATE",
        "I-EVENT",
        "I-LOC",
        "I-ORG",
        "I-PER",
        "I-PRO",
        "O"
    ]
}