{
    "average_accuracy": 0.7746846687087576,
    "classification_report": {
        "B-DATE": {
            "precision": 0.7786660890296474,
            "recall": 0.6417777777777778,
            "f1-score": 0.7002349231922144,
            "support": 1125.0
        },
        "B-EVENT": {
            "precision": 0.23551973318510283,
            "recall": 0.0311284046692607,
            "f1-score": 0.05476779668937732,
            "support": 257.0
        },
        "B-LOC": {
            "precision": 0.5822297038771314,
            "recall": 0.45539033457249073,
            "f1-score": 0.5076743947611067,
            "support": 2152.0
        },
        "B-ORG": {
            "precision": 0.4505088958520861,
            "recall": 0.2927241962774958,
            "f1-score": 0.34688798269229854,
            "support": 1773.0
        },
        "B-PER": {
            "precision": 0.5118842756550419,
            "recall": 0.5504840940525588,
            "f1-score": 0.5292498868232713,
            "support": 2892.0
        },
        "B-PRO": {
            "precision": 0.3901779890558482,
            "recall": 0.3126760563380282,
            "f1-score": 0.3217761224412985,
            "support": 1065.0
        },
        "I-DATE": {
            "precision": 0.7277783348142892,
            "recall": 0.8336933045356372,
            "f1-score": 0.7727406517050865,
            "support": 926.0
        },
        "I-EVENT": {
            "precision": 0.4857114999972142,
            "recall": 0.1365079365079365,
            "f1-score": 0.19584060985880142,
            "support": 315.0
        },
        "I-LOC": {
            "precision": 0.1917018284106891,
            "recall": 0.02531645569620253,
            "f1-score": 0.044430282041734784,
            "support": 237.0
        },
        "I-ORG": {
            "precision": 0.3157456695363551,
            "recall": 0.11736334405144695,
            "f1-score": 0.16473421657885756,
            "support": 1244.0
        },
        "I-PER": {
            "precision": 0.32667392779883736,
            "recall": 0.2244431753283838,
            "f1-score": 0.2644834989664907,
            "support": 1751.0
        },
        "I-PRO": {
            "precision": 0.42083668866132307,
            "recall": 0.21182266009852216,
            "f1-score": 0.27095481926688086,
            "support": 2233.0
        },
        "O": {
            "precision": 0.8613648421456613,
            "recall": 0.9636567781586101,
            "f1-score": 0.9096195184965699,
            "support": 33844.0
        }
    },
    "training_duration_seconds": 3.302353858947754,
    "average_epochs": 1,
    "labels": [
        "B-DATE",
        "B-EVENT",
        "B-LOC",
        "B-ORG",
        "B-PER",
        "B-PRO",
        "I-DATE",
        "I-EVENT",
        "I-LOC",
        "I-ORG",
        "I-PER",
        "I-PRO",
        "O"
    ]
}