{
    "average_accuracy": 0.7760045965624803,
    "classification_report": {
        "B-DATE": {
            "precision": 0.7560860304156702,
            "recall": 0.6782222222222222,
            "f1-score": 0.7149844394766355,
            "support": 1125.0
        },
        "B-EVENT": {
            "precision": 0.3550583657587549,
            "recall": 0.023346303501945526,
            "f1-score": 0.0427970371977205,
            "support": 257.0
        },
        "B-LOC": {
            "precision": 0.5867862811500756,
            "recall": 0.4642193308550186,
            "f1-score": 0.5162946112054482,
            "support": 2152.0
        },
        "B-ORG": {
            "precision": 0.44297555936934596,
            "recall": 0.27467569091934574,
            "f1-score": 0.33804544327286046,
            "support": 1773.0
        },
        "B-PER": {
            "precision": 0.4820432180761777,
            "recall": 0.5843706777316736,
            "f1-score": 0.5273551303714344,
            "support": 2892.0
        },
        "B-PRO": {
            "precision": 0.38952373806988144,
            "recall": 0.16448598130841122,
            "f1-score": 0.21890648486628672,
            "support": 1070.0
        },
        "I-DATE": {
            "precision": 0.7305377590500463,
            "recall": 0.8358531317494601,
            "f1-score": 0.7790575329503964,
            "support": 926.0
        },
        "I-EVENT": {
            "precision": 0.5137798374342565,
            "recall": 0.12380952380952381,
            "f1-score": 0.18250319313707514,
            "support": 315.0
        },
        "I-LOC": {
            "precision": 0.2872011251758087,
            "recall": 0.012658227848101266,
            "f1-score": 0.02420187864014677,
            "support": 237.0
        },
        "I-ORG": {
            "precision": 0.380901228390606,
            "recall": 0.0747588424437299,
            "f1-score": 0.12416887613360485,
            "support": 1244.0
        },
        "I-PER": {
            "precision": 0.3408217386185152,
            "recall": 0.15705311250713877,
            "f1-score": 0.20939256696493838,
            "support": 1751.0
        },
        "I-PRO": {
            "precision": 0.38883124557750687,
            "recall": 0.3278101209135692,
            "f1-score": 0.35388581239858535,
            "support": 2233.0
        },
        "O": {
            "precision": 0.8621138321595879,
            "recall": 0.9640884793715484,
            "f1-score": 0.9102441728010803,
            "support": 33861.0
        }
    },
    "training_duration_seconds": 18.46057653427124,
    "average_epochs": 64,
    "labels": [
        "B-DATE",
        "B-EVENT",
        "B-LOC",
        "B-ORG",
        "B-PER",
        "B-PRO",
        "I-DATE",
        "I-EVENT",
        "I-LOC",
        "I-ORG",
        "I-PER",
        "I-PRO",
        "O"
    ]
}