{
    "average_accuracy": 0.7095033801456512,
    "classification_report": {
        "B-DATE": {
            "precision": 0.6890529873509773,
            "recall": 0.32823052678973436,
            "f1-score": 0.43762590122518136,
            "support": 2221.0
        },
        "B-EVENT": {
            "precision": 0.0,
            "recall": 0.0,
            "f1-score": 0.0,
            "support": 636.0
        },
        "B-LOC": {
            "precision": 0.3233388940876316,
            "recall": 0.09054103790945896,
            "f1-score": 0.14121571346970233,
            "support": 5434.0
        },
        "B-ORG": {
            "precision": 0.2624990166651225,
            "recall": 0.08835437008811622,
            "f1-score": 0.13211852823422537,
            "support": 4199.0
        },
        "B-PER": {
            "precision": 0.2918663140318272,
            "recall": 0.23811757348342713,
            "f1-score": 0.261625694960983,
            "support": 6396.0
        },
        "B-PRO": {
            "precision": 0.2412768533883482,
            "recall": 0.005426739023186976,
            "f1-score": 0.010330867156660128,
            "support": 2027.0
        },
        "I-DATE": {
            "precision": 0.5096167419757786,
            "recall": 0.816762103071317,
            "f1-score": 0.625424971240294,
            "support": 1921.0
        },
        "I-EVENT": {
            "precision": 0.6394926232457718,
            "recall": 0.018891687657430732,
            "f1-score": 0.03668506687866472,
            "support": 794.0
        },
        "I-LOC": {
            "precision": 0.0,
            "recall": 0.0,
            "f1-score": 0.0,
            "support": 591.0
        },
        "I-ORG": {
            "precision": 0.14446353832981063,
            "recall": 0.002257336343115124,
            "f1-score": 0.00443152412641465,
            "support": 3101.0
        },
        "I-PER": {
            "precision": 0.21265360563257096,
            "recall": 0.0034110289937464467,
            "f1-score": 0.006686675213639308,
            "support": 3518.0
        },
        "I-PRO": {
            "precision": 0.2640733213961674,
            "recall": 0.05263157894736842,
            "f1-score": 0.08754996425121632,
            "support": 4427.0
        },
        "O": {
            "precision": 0.7567706504542878,
            "recall": 0.9738099311688141,
            "f1-score": 0.851660286751226,
            "support": 75983.0
        }
    },
    "training_duration_seconds": 37.65439558029175,
    "average_epochs": 56,
    "labels": [
        "B-DATE",
        "B-EVENT",
        "B-LOC",
        "B-ORG",
        "B-PER",
        "B-PRO",
        "I-DATE",
        "I-EVENT",
        "I-LOC",
        "I-ORG",
        "I-PER",
        "I-PRO",
        "O"
    ]
}