{
    "average_accuracy": 0.7985986164868921,
    "classification_report": {
        "B-DATE": {
            "precision": 0.732492818289142,
            "recall": 0.7839614373356705,
            "f1-score": 0.7562334947327917,
            "support": 2282.0
        },
        "B-EVENT": {
            "precision": 0.13451252841562156,
            "recall": 0.013677811550151976,
            "f1-score": 0.024597127533000765,
            "support": 658.0
        },
        "B-LOC": {
            "precision": 0.5669575891885265,
            "recall": 0.44032140248356466,
            "f1-score": 0.49493938196185244,
            "support": 6845.0
        },
        "B-ORG": {
            "precision": 0.3235811634037777,
            "recall": 0.09055007052186177,
            "f1-score": 0.13938823927907784,
            "support": 3545.0
        },
        "B-PER": {
            "precision": 0.48315284596475366,
            "recall": 0.5354162208431414,
            "f1-score": 0.5063122428145266,
            "support": 4673.0
        },
        "B-PRO": {
            "precision": 0.49246822100124255,
            "recall": 0.09499637418419145,
            "f1-score": 0.15753008797510876,
            "support": 1379.0
        },
        "I-DATE": {
            "precision": 0.6557315175396188,
            "recall": 0.577717879604672,
            "f1-score": 0.6120632170258189,
            "support": 1113.0
        },
        "I-EVENT": {
            "precision": 0.40071217821139415,
            "recall": 0.07473309608540925,
            "f1-score": 0.12068615155928626,
            "support": 843.0
        },
        "I-LOC": {
            "precision": 0.2620211213030986,
            "recall": 0.04426002766251729,
            "f1-score": 0.07404275330112733,
            "support": 723.0
        },
        "I-ORG": {
            "precision": 0.38664984207362785,
            "recall": 0.092187967674349,
            "f1-score": 0.1447788567744353,
            "support": 3341.0
        },
        "I-PER": {
            "precision": 0.37962235366671554,
            "recall": 0.1273532668881506,
            "f1-score": 0.18418074732598164,
            "support": 2709.0
        },
        "I-PRO": {
            "precision": 0.4108150013890463,
            "recall": 0.10866318147871545,
            "f1-score": 0.16756812748739724,
            "support": 2678.0
        },
        "O": {
            "precision": 0.850387635152832,
            "recall": 0.9734727243419992,
            "f1-score": 0.9077087542331246,
            "support": 86854.0
        }
    },
    "training_duration_seconds": 7.7681169509887695,
    "average_epochs": 1,
    "labels": [
        "B-DATE",
        "B-EVENT",
        "B-LOC",
        "B-ORG",
        "B-PER",
        "B-PRO",
        "I-DATE",
        "I-EVENT",
        "I-LOC",
        "I-ORG",
        "I-PER",
        "I-PRO",
        "O"
    ]
}