{
    "average_accuracy": 0.7952531429880904,
    "classification_report": {
        "B-DATE": {
            "precision": 0.7619476127733227,
            "recall": 0.6752848378615249,
            "f1-score": 0.7153287756175772,
            "support": 2282.0
        },
        "B-EVENT": {
            "precision": 0.1145860471848314,
            "recall": 0.013677811550151976,
            "f1-score": 0.024406604323316438,
            "support": 658.0
        },
        "B-LOC": {
            "precision": 0.5807064382813413,
            "recall": 0.4030679327976625,
            "f1-score": 0.4755327065933105,
            "support": 6845.0
        },
        "B-ORG": {
            "precision": 0.306767985537497,
            "recall": 0.07757404795486601,
            "f1-score": 0.12192216132074309,
            "support": 3545.0
        },
        "B-PER": {
            "precision": 0.4765961500924341,
            "recall": 0.4575219345174406,
            "f1-score": 0.4666605592724892,
            "support": 4673.0
        },
        "B-PRO": {
            "precision": 0.4641047389376093,
            "recall": 0.06527977044476327,
            "f1-score": 0.11367084494004027,
            "support": 1394.0
        },
        "I-DATE": {
            "precision": 0.6311513833362552,
            "recall": 0.6073674752920036,
            "f1-score": 0.6162603803952371,
            "support": 1113.0
        },
        "I-EVENT": {
            "precision": 0.28261800214288446,
            "recall": 0.04033214709371293,
            "f1-score": 0.06918946479812399,
            "support": 843.0
        },
        "I-LOC": {
            "precision": 0.13758555874738448,
            "recall": 0.016597510373443983,
            "f1-score": 0.029567978345294073,
            "support": 723.0
        },
        "I-ORG": {
            "precision": 0.3621832902010574,
            "recall": 0.06644717150553726,
            "f1-score": 0.1120275910218018,
            "support": 3341.0
        },
        "I-PER": {
            "precision": 0.3704414500149431,
            "recall": 0.09671465485418974,
            "f1-score": 0.1512880744566066,
            "support": 2709.0
        },
        "I-PRO": {
            "precision": 0.3823649972563061,
            "recall": 0.1135175504107543,
            "f1-score": 0.17489700899718214,
            "support": 2678.0
        },
        "O": {
            "precision": 0.8375102221264898,
            "recall": 0.9813804690556744,
            "f1-score": 0.9037445881202224,
            "support": 86898.0
        }
    },
    "training_duration_seconds": 85.38198566436768,
    "average_epochs": 120,
    "labels": [
        "B-DATE",
        "B-EVENT",
        "B-LOC",
        "B-ORG",
        "B-PER",
        "B-PRO",
        "I-DATE",
        "I-EVENT",
        "I-LOC",
        "I-ORG",
        "I-PER",
        "I-PRO",
        "O"
    ]
}