{
    "average_accuracy": 0.9195235520869242,
    "classification_report": {
        "B-DATE": {
            "precision": 0.9025492029065966,
            "recall": 0.9164835164835164,
            "f1-score": 0.9094594453145096,
            "support": 1820.0
        },
        "B-LOC": {
            "precision": 0.8002324984428704,
            "recall": 0.8242365621113721,
            "f1-score": 0.8120242697139938,
            "support": 7237.0
        },
        "B-ORG": {
            "precision": 0.5602152749330375,
            "recall": 0.22653721682847897,
            "f1-score": 0.31964618687039364,
            "support": 1236.0
        },
        "B-PER": {
            "precision": 0.6164097765046638,
            "recall": 0.5527549824150059,
            "f1-score": 0.5815310597726058,
            "support": 3412.0
        },
        "I-DATE": {
            "precision": 0.11802575107296137,
            "recall": 0.008583690987124463,
            "f1-score": 0.01593404798766666,
            "support": 233.0
        },
        "I-LOC": {
            "precision": 0.5914475279769947,
            "recall": 0.39569691300280635,
            "f1-score": 0.46427885661514495,
            "support": 1069.0
        },
        "I-ORG": {
            "precision": 0.5010247983044475,
            "recall": 0.16538882803943045,
            "f1-score": 0.2436255172690465,
            "support": 1826.0
        },
        "I-PER": {
            "precision": 0.261294677711163,
            "recall": 0.0741106719367589,
            "f1-score": 0.11263927483756891,
            "support": 2024.0
        },
        "O": {
            "precision": 0.9475302694240006,
            "recall": 0.9844730177284239,
            "f1-score": 0.9656463688335195,
            "support": 102660.0
        }
    },
    "training_duration_seconds": 1.6753134727478027,
    "average_epochs": 1,
    "labels": [
        "B-DATE",
        "B-LOC",
        "B-ORG",
        "B-PER",
        "I-DATE",
        "I-LOC",
        "I-ORG",
        "I-PER",
        "O"
    ]
}