{
    "average_accuracy": 0.9191023790607667,
    "classification_report": {
        "B-DATE": {
            "precision": 0.8910945367037348,
            "recall": 0.9027472527472528,
            "f1-score": 0.8956750327859215,
            "support": 1820.0
        },
        "B-LOC": {
            "precision": 0.8119542127331936,
            "recall": 0.815116761088849,
            "f1-score": 0.81345723435672,
            "support": 7237.0
        },
        "B-ORG": {
            "precision": 0.46308662554808533,
            "recall": 0.2645631067961165,
            "f1-score": 0.3347725310378032,
            "support": 1236.0
        },
        "B-PER": {
            "precision": 0.6080253268537006,
            "recall": 0.5955451348182884,
            "f1-score": 0.5997828035803378,
            "support": 3412.0
        },
        "I-DATE": {
            "precision": 0.0,
            "recall": 0.0,
            "f1-score": 0.0,
            "support": 233.0
        },
        "I-LOC": {
            "precision": 0.5918716567928947,
            "recall": 0.36202057998129095,
            "f1-score": 0.4439516108568189,
            "support": 1069.0
        },
        "I-ORG": {
            "precision": 0.4782217667067505,
            "recall": 0.14184008762322015,
            "f1-score": 0.2109771990370362,
            "support": 1826.0
        },
        "I-PER": {
            "precision": 0.24034941914430968,
            "recall": 0.06175889328063241,
            "f1-score": 0.09195989450204789,
            "support": 2024.0
        },
        "O": {
            "precision": 0.9475494913752682,
            "recall": 0.9838983050847457,
            "f1-score": 0.9653769526663758,
            "support": 102660.0
        }
    },
    "training_duration_seconds": 6.070704460144043,
    "average_epochs": 1,
    "labels": [
        "B-DATE",
        "B-LOC",
        "B-ORG",
        "B-PER",
        "I-DATE",
        "I-LOC",
        "I-ORG",
        "I-PER",
        "O"
    ]
}