{
    "average_accuracy": 0.9074946097318022,
    "classification_report": {
        "B-DATE": {
            "precision": 0.8397777494707774,
            "recall": 0.7597535934291582,
            "f1-score": 0.796856527227855,
            "support": 974.0
        },
        "B-LOC": {
            "precision": 0.8163300827319823,
            "recall": 0.7766677408959072,
            "f1-score": 0.7959420118912499,
            "support": 3103.0
        },
        "B-ORG": {
            "precision": 0.6457397906539183,
            "recall": 0.43993506493506496,
            "f1-score": 0.5222945577799111,
            "support": 1232.0
        },
        "B-PER": {
            "precision": 0.5638353925444202,
            "recall": 0.5941176470588235,
            "f1-score": 0.5778400071304174,
            "support": 2380.0
        },
        "I-DATE": {
            "precision": 0.3514799154334038,
            "recall": 0.035940803382663845,
            "f1-score": 0.06273967399760211,
            "support": 473.0
        },
        "I-LOC": {
            "precision": 0.74464561748255,
            "recall": 0.28978622327790976,
            "f1-score": 0.41650960385553426,
            "support": 842.0
        },
        "I-ORG": {
            "precision": 0.5841562639542557,
            "recall": 0.09054805401111994,
            "f1-score": 0.15666870448823808,
            "support": 1259.0
        },
        "I-PER": {
            "precision": 0.2958943938687176,
            "recall": 0.1334106728538283,
            "f1-score": 0.18282468652369988,
            "support": 1724.0
        },
        "O": {
            "precision": 0.9376940304257216,
            "recall": 0.9879452396156182,
            "f1-score": 0.9621631763379459,
            "support": 64207.0
        }
    },
    "training_duration_seconds": 14.838191032409668,
    "average_epochs": 46,
    "labels": [
        "B-DATE",
        "B-LOC",
        "B-ORG",
        "B-PER",
        "I-DATE",
        "I-LOC",
        "I-ORG",
        "I-PER",
        "O"
    ]
}