{
    "average_accuracy": 0.916020581132775,
    "classification_report": {
        "B-DATE": {
            "precision": 0.8430979501778847,
            "recall": 0.7414893617021276,
            "f1-score": 0.7876948150149056,
            "support": 940.0
        },
        "B-LOC": {
            "precision": 0.8216346347990321,
            "recall": 0.8441238564391274,
            "f1-score": 0.8325000994532716,
            "support": 2842.0
        },
        "B-ORG": {
            "precision": 0.5192643374534822,
            "recall": 0.25625,
            "f1-score": 0.3334059628520054,
            "support": 960.0
        },
        "B-PER": {
            "precision": 0.6799808397999891,
            "recall": 0.5211515863689776,
            "f1-score": 0.5898267049977819,
            "support": 1702.0
        },
        "I-DATE": {
            "precision": 0.34265502852628116,
            "recall": 0.07939914163090128,
            "f1-score": 0.12134739808562225,
            "support": 466.0
        },
        "I-LOC": {
            "precision": 0.6854298678181147,
            "recall": 0.2484237074401009,
            "f1-score": 0.36295412206497174,
            "support": 793.0
        },
        "I-ORG": {
            "precision": 0.5276788115804024,
            "recall": 0.08024158757549611,
            "f1-score": 0.13830963987357922,
            "support": 1159.0
        },
        "I-PER": {
            "precision": 0.45959160220864903,
            "recall": 0.04956268221574344,
            "f1-score": 0.08775418913937315,
            "support": 1029.0
        },
        "O": {
            "precision": 0.9338213982885364,
            "recall": 0.991946217110876,
            "f1-score": 0.9619994168627036,
            "support": 58606.0
        }
    },
    "training_duration_seconds": 3.0615029335021973,
    "average_epochs": 1,
    "labels": [
        "B-DATE",
        "B-LOC",
        "B-ORG",
        "B-PER",
        "I-DATE",
        "I-LOC",
        "I-ORG",
        "I-PER",
        "O"
    ]
}