{
    "average_accuracy": 0.8398840405422111,
    "classification_report": {
        "B-DATE": {
            "precision": 0.719272759161475,
            "recall": 0.23842492427520554,
            "f1-score": 0.3575307644674217,
            "support": 2311.0
        },
        "B-LOC": {
            "precision": 0.5227550055728136,
            "recall": 0.33392278219864424,
            "f1-score": 0.406331418021001,
            "support": 6786.0
        },
        "B-ORG": {
            "precision": 0.6027134085085906,
            "recall": 0.3553470919324578,
            "f1-score": 0.44701299997653976,
            "support": 2665.0
        },
        "B-PER": {
            "precision": 0.4366120036932746,
            "recall": 0.2146422628951747,
            "f1-score": 0.28755355233680424,
            "support": 5409.0
        },
        "I-DATE": {
            "precision": 0.0,
            "recall": 0.0,
            "f1-score": 0.0,
            "support": 720.0
        },
        "I-LOC": {
            "precision": 0.4722829997383569,
            "recall": 0.02734375,
            "f1-score": 0.0512579977645761,
            "support": 1536.0
        },
        "I-ORG": {
            "precision": 0.2691193240645953,
            "recall": 0.02186523873270861,
            "f1-score": 0.04028958888233187,
            "support": 2241.0
        },
        "I-PER": {
            "precision": 0.11565243717832274,
            "recall": 0.0003027550711474417,
            "f1-score": 0.000603929175865915,
            "support": 3303.0
        },
        "O": {
            "precision": 0.8646829425879906,
            "recall": 0.9863981190646756,
            "f1-score": 0.9215331161933412,
            "support": 108882.0
        }
    },
    "training_duration_seconds": 17.97889542579651,
    "average_epochs": 36,
    "labels": [
        "B-DATE",
        "B-LOC",
        "B-ORG",
        "B-PER",
        "I-DATE",
        "I-LOC",
        "I-ORG",
        "I-PER",
        "O"
    ]
}