{
    "average_accuracy": 0.9188476974883959,
    "classification_report": {
        "B-DATE": {
            "precision": 0.934926949532579,
            "recall": 0.8225274725274725,
            "f1-score": 0.8748237341900122,
            "support": 1820.0
        },
        "B-LOC": {
            "precision": 0.8023208114770585,
            "recall": 0.8174658007461655,
            "f1-score": 0.8093519729733764,
            "support": 7237.0
        },
        "B-ORG": {
            "precision": 0.6004519497070788,
            "recall": 0.20631067961165048,
            "f1-score": 0.30680971638493937,
            "support": 1236.0
        },
        "B-PER": {
            "precision": 0.6199470131017228,
            "recall": 0.5703399765533411,
            "f1-score": 0.59395895393801,
            "support": 3412.0
        },
        "I-DATE": {
            "precision": 0.0,
            "recall": 0.0,
            "f1-score": 0.0,
            "support": 233.0
        },
        "I-LOC": {
            "precision": 0.6394833344525989,
            "recall": 0.3058933582787652,
            "f1-score": 0.4137129127575935,
            "support": 1069.0
        },
        "I-ORG": {
            "precision": 0.5219965618198701,
            "recall": 0.11555312157721796,
            "f1-score": 0.18746930630695802,
            "support": 1826.0
        },
        "I-PER": {
            "precision": 0.2310502683526399,
            "recall": 0.01432806324110672,
            "f1-score": 0.02667452249011297,
            "support": 2024.0
        },
        "O": {
            "precision": 0.9402916538619355,
            "recall": 0.9885057471264368,
            "f1-score": 0.9637925144184271,
            "support": 102660.0
        }
    },
    "training_duration_seconds": 52.95950746536255,
    "average_epochs": 91,
    "labels": [
        "B-DATE",
        "B-LOC",
        "B-ORG",
        "B-PER",
        "I-DATE",
        "I-LOC",
        "I-ORG",
        "I-PER",
        "O"
    ]
}