{
    "average_accuracy": 0.9036198074875971,
    "classification_report": {
        "B-DATE": {
            "precision": 0.8382715327532146,
            "recall": 0.7627291242362525,
            "f1-score": 0.7980414751808839,
            "support": 982.0
        },
        "B-LOC": {
            "precision": 0.7877629327484207,
            "recall": 0.761741835147745,
            "f1-score": 0.7744285031813744,
            "support": 3215.0
        },
        "B-ORG": {
            "precision": 0.645567984651687,
            "recall": 0.4389312977099237,
            "f1-score": 0.5220334837443827,
            "support": 1310.0
        },
        "B-PER": {
            "precision": 0.5564572319020005,
            "recall": 0.577374195989406,
            "f1-score": 0.5662888309608974,
            "support": 2643.0
        },
        "I-DATE": {
            "precision": 0.4199224575007456,
            "recall": 0.016701461377870562,
            "f1-score": 0.03185347362528967,
            "support": 479.0
        },
        "I-LOC": {
            "precision": 0.7400657820035709,
            "recall": 0.26401869158878505,
            "f1-score": 0.3884994952777509,
            "support": 856.0
        },
        "I-ORG": {
            "precision": 0.5706553892916388,
            "recall": 0.09182879377431907,
            "f1-score": 0.15808026700708958,
            "support": 1285.0
        },
        "I-PER": {
            "precision": 0.33756564774331704,
            "recall": 0.1269191402251791,
            "f1-score": 0.18435758959621495,
            "support": 1954.0
        },
        "O": {
            "precision": 0.9342135656744024,
            "recall": 0.9877993741725839,
            "f1-score": 0.9602585568532427,
            "support": 66472.0
        }
    },
    "training_duration_seconds": 18.902057886123657,
    "average_epochs": 58,
    "labels": [
        "B-DATE",
        "B-LOC",
        "B-ORG",
        "B-PER",
        "I-DATE",
        "I-LOC",
        "I-ORG",
        "I-PER",
        "O"
    ]
}