{
    "average_accuracy": 0.8421826862416134,
    "classification_report": {
        "B-DATE": {
            "precision": 0.42737636741660384,
            "recall": 0.08490224475018103,
            "f1-score": 0.13781680855799738,
            "support": 5524.0
        },
        "B-LOC": {
            "precision": 0.28748708782063076,
            "recall": 0.062127935923801274,
            "f1-score": 0.09726721813420454,
            "support": 18478.0
        },
        "B-ORG": {
            "precision": 0.2988925204347534,
            "recall": 0.08151822298900151,
            "f1-score": 0.11596651474576482,
            "support": 4637.0
        },
        "B-PER": {
            "precision": 0.3642514882149575,
            "recall": 0.005055511498810468,
            "f1-score": 0.009630364832472767,
            "support": 10088.0
        },
        "I-DATE": {
            "precision": 0.192151824515417,
            "recall": 0.01507208387942333,
            "f1-score": 0.02398640901156438,
            "support": 1526.0
        },
        "I-LOC": {
            "precision": 0.05024027959807777,
            "recall": 0.006394217403391716,
            "f1-score": 0.011344579264082074,
            "support": 3597.0
        },
        "I-ORG": {
            "precision": 0.0,
            "recall": 0.0,
            "f1-score": 0.0,
            "support": 5549.0
        },
        "I-PER": {
            "precision": 0.0,
            "recall": 0.0,
            "f1-score": 0.0,
            "support": 5909.0
        },
        "O": {
            "precision": 0.8536009329104547,
            "recall": 0.9942456029978938,
            "f1-score": 0.9185471064912044,
            "support": 292472.0
        }
    },
    "training_duration_seconds": 17.178104162216187,
    "average_epochs": 1,
    "labels": [
        "B-DATE",
        "B-LOC",
        "B-ORG",
        "B-PER",
        "I-DATE",
        "I-LOC",
        "I-ORG",
        "I-PER",
        "O"
    ]
}