{
    "average_accuracy": 0.8594153902103523,
    "classification_report": {
        "B-DATE": {
            "precision": 0.687268444252246,
            "recall": 0.3165250753631132,
            "f1-score": 0.4310756816151993,
            "support": 3649.0
        },
        "B-LOC": {
            "precision": 0.619107450517913,
            "recall": 0.31280287634828824,
            "f1-score": 0.40689311727486693,
            "support": 12794.0
        },
        "B-ORG": {
            "precision": 0.6111606368422935,
            "recall": 0.159808963997061,
            "f1-score": 0.2516680619679326,
            "support": 2722.0
        },
        "B-PER": {
            "precision": 0.44374595472775913,
            "recall": 0.31268701376421304,
            "f1-score": 0.36219228194107606,
            "support": 6684.0
        },
        "I-DATE": {
            "precision": 0.14770332911925832,
            "recall": 0.007374631268436578,
            "f1-score": 0.013934980334316617,
            "support": 678.0
        },
        "I-LOC": {
            "precision": 0.4503439249168155,
            "recall": 0.10741811175337188,
            "f1-score": 0.1612892133735051,
            "support": 2076.0
        },
        "I-ORG": {
            "precision": 0.28386596692825594,
            "recall": 0.03927585148818656,
            "f1-score": 0.06662894200967547,
            "support": 3259.0
        },
        "I-PER": {
            "precision": 0.30082117089511684,
            "recall": 0.06893004115226338,
            "f1-score": 0.10683153866163297,
            "support": 3888.0
        },
        "O": {
            "precision": 0.8858366143796426,
            "recall": 0.9829150270603926,
            "f1-score": 0.9318371049446674,
            "support": 181446.0
        }
    },
    "training_duration_seconds": 10.49629259109497,
    "average_epochs": 1,
    "labels": [
        "B-DATE",
        "B-LOC",
        "B-ORG",
        "B-PER",
        "I-DATE",
        "I-LOC",
        "I-ORG",
        "I-PER",
        "O"
    ]
}