{
    "average_accuracy": 0.8418665016852053,
    "classification_report": {
        "B-DATE": {
            "precision": 0.35825149727719524,
            "recall": 0.15351194786386677,
            "f1-score": 0.20651778038022411,
            "support": 5524.0
        },
        "B-LOC": {
            "precision": 0.341676834790014,
            "recall": 0.04297001840025977,
            "f1-score": 0.06796970057947273,
            "support": 18478.0
        },
        "B-ORG": {
            "precision": 0.2510059987677373,
            "recall": 0.09812378693120552,
            "f1-score": 0.13231816127121696,
            "support": 4637.0
        },
        "B-PER": {
            "precision": 0.27872536370679185,
            "recall": 0.023394131641554322,
            "f1-score": 0.041709037818682695,
            "support": 10088.0
        },
        "I-DATE": {
            "precision": 0.13574549085689322,
            "recall": 0.03145478374836173,
            "f1-score": 0.047267877242278274,
            "support": 1526.0
        },
        "I-LOC": {
            "precision": 0.0685293299972199,
            "recall": 0.008062274117319988,
            "f1-score": 0.014427227367835771,
            "support": 3597.0
        },
        "I-ORG": {
            "precision": 0.0,
            "recall": 0.0,
            "f1-score": 0.0,
            "support": 5549.0
        },
        "I-PER": {
            "precision": 0.0,
            "recall": 0.0,
            "f1-score": 0.0,
            "support": 5909.0
        },
        "O": {
            "precision": 0.8558545847565031,
            "recall": 0.992802729833967,
            "f1-score": 0.9192552570303985,
            "support": 292472.0
        }
    },
    "training_duration_seconds": 6.089581727981567,
    "average_epochs": 1,
    "labels": [
        "B-DATE",
        "B-LOC",
        "B-ORG",
        "B-PER",
        "I-DATE",
        "I-LOC",
        "I-ORG",
        "I-PER",
        "O"
    ]
}