{
    "average_accuracy": 0.9055490121135105,
    "classification_report": {
        "B-DATE": {
            "precision": 0.8291594366891294,
            "recall": 0.7679671457905544,
            "f1-score": 0.7969489273646221,
            "support": 974.0
        },
        "B-LOC": {
            "precision": 0.8155266056148498,
            "recall": 0.765066065098292,
            "f1-score": 0.7894420738262072,
            "support": 3103.0
        },
        "B-ORG": {
            "precision": 0.6410507284012323,
            "recall": 0.4926948051948052,
            "f1-score": 0.5454567486467625,
            "support": 1232.0
        },
        "B-PER": {
            "precision": 0.5276246268607995,
            "recall": 0.6235294117647059,
            "f1-score": 0.5698371228384808,
            "support": 2380.0
        },
        "I-DATE": {
            "precision": 0.3624557869509017,
            "recall": 0.11205073995771671,
            "f1-score": 0.15505548712152278,
            "support": 473.0
        },
        "I-LOC": {
            "precision": 0.6153945908222589,
            "recall": 0.34441805225653205,
            "f1-score": 0.43720354023876773,
            "support": 842.0
        },
        "I-ORG": {
            "precision": 0.4865376071943027,
            "recall": 0.08657664813343924,
            "f1-score": 0.14644156246933387,
            "support": 1259.0
        },
        "I-PER": {
            "precision": 0.2918348915915416,
            "recall": 0.16299303944315546,
            "f1-score": 0.20258092383746373,
            "support": 1724.0
        },
        "O": {
            "precision": 0.9444651453358963,
            "recall": 0.9819801579267058,
            "f1-score": 0.9628526677937266,
            "support": 64207.0
        }
    },
    "training_duration_seconds": 1.0249860286712646,
    "average_epochs": 1,
    "labels": [
        "B-DATE",
        "B-LOC",
        "B-ORG",
        "B-PER",
        "I-DATE",
        "I-LOC",
        "I-ORG",
        "I-PER",
        "O"
    ]
}