{
    "average_accuracy": 0.9064638531295099,
    "classification_report": {
        "B-DATE": {
            "precision": 0.8562819220854835,
            "recall": 0.7392197125256673,
            "f1-score": 0.7919416006190695,
            "support": 974.0
        },
        "B-LOC": {
            "precision": 0.816016099447773,
            "recall": 0.7811795037060909,
            "f1-score": 0.7981094782845463,
            "support": 3103.0
        },
        "B-ORG": {
            "precision": 0.6175308980881574,
            "recall": 0.4431818181818182,
            "f1-score": 0.5118050295121133,
            "support": 1232.0
        },
        "B-PER": {
            "precision": 0.5899466251706811,
            "recall": 0.5495798319327732,
            "f1-score": 0.5477888810300856,
            "support": 2380.0
        },
        "I-DATE": {
            "precision": 0.20676658612705126,
            "recall": 0.03171247357293869,
            "f1-score": 0.05470858378899828,
            "support": 473.0
        },
        "I-LOC": {
            "precision": 0.6860367294627878,
            "recall": 0.28859857482185275,
            "f1-score": 0.40545737477074195,
            "support": 842.0
        },
        "I-ORG": {
            "precision": 0.5113982478127463,
            "recall": 0.10087370929308975,
            "f1-score": 0.16773106344821392,
            "support": 1259.0
        },
        "I-PER": {
            "precision": 0.32837601137741057,
            "recall": 0.22679814385150812,
            "f1-score": 0.23808510867544955,
            "support": 1724.0
        },
        "O": {
            "precision": 0.9410065307256863,
            "recall": 0.9857024934975938,
            "f1-score": 0.9628284423721734,
            "support": 64207.0
        }
    },
    "training_duration_seconds": 3.6233108043670654,
    "average_epochs": 1,
    "labels": [
        "B-DATE",
        "B-LOC",
        "B-ORG",
        "B-PER",
        "I-DATE",
        "I-LOC",
        "I-ORG",
        "I-PER",
        "O"
    ]
}