{
    "average_accuracy": 0.8909826417958068,
    "classification_report": {
        "B-DATE": {
            "precision": 0.8203578479404315,
            "recall": 0.8156082631981637,
            "f1-score": 0.8177680194977582,
            "support": 1307.0
        },
        "B-LOC": {
            "precision": 0.7733380559033687,
            "recall": 0.7154001733603005,
            "f1-score": 0.7431669982942304,
            "support": 3461.0
        },
        "B-ORG": {
            "precision": 0.5791144725055397,
            "recall": 0.39149746192893403,
            "f1-score": 0.4662397945480599,
            "support": 1576.0
        },
        "B-PER": {
            "precision": 0.5113068305746236,
            "recall": 0.48030495552731894,
            "f1-score": 0.4924990819148094,
            "support": 3148.0
        },
        "I-DATE": {
            "precision": 0.19381830601092895,
            "recall": 0.00819672131147541,
            "f1-score": 0.015669536589992598,
            "support": 488.0
        },
        "I-LOC": {
            "precision": 0.6761265019309844,
            "recall": 0.16357688113413305,
            "f1-score": 0.26306684299378663,
            "support": 917.0
        },
        "I-ORG": {
            "precision": 0.5327318915947515,
            "recall": 0.0905109489051095,
            "f1-score": 0.15472957113140054,
            "support": 1370.0
        },
        "I-PER": {
            "precision": 0.283192118683848,
            "recall": 0.09441489361702128,
            "f1-score": 0.13806629129158077,
            "support": 2256.0
        },
        "O": {
            "precision": 0.9243717416357716,
            "recall": 0.986268413129423,
            "f1-score": 0.954315532211613,
            "support": 71077.0
        }
    },
    "training_duration_seconds": 14.633263349533081,
    "average_epochs": 46,
    "labels": [
        "B-DATE",
        "B-LOC",
        "B-ORG",
        "B-PER",
        "I-DATE",
        "I-LOC",
        "I-ORG",
        "I-PER",
        "O"
    ]
}