{
    "average_accuracy": 0.8423408273160042,
    "classification_report": {
        "B-DATE": {
            "precision": 0.46105077072553247,
            "recall": 0.06317885590152064,
            "f1-score": 0.10993976373151854,
            "support": 5524.0
        },
        "B-LOC": {
            "precision": 0.37120833072277254,
            "recall": 0.034202835804740775,
            "f1-score": 0.062325405794403155,
            "support": 18478.0
        },
        "B-ORG": {
            "precision": 0.2866910861186583,
            "recall": 0.02005607073538926,
            "f1-score": 0.03705779151695725,
            "support": 4637.0
        },
        "B-PER": {
            "precision": 0.16249265353858455,
            "recall": 0.013283108643933386,
            "f1-score": 0.02451987003093212,
            "support": 10088.0
        },
        "I-DATE": {
            "precision": 0.0,
            "recall": 0.0,
            "f1-score": 0.0,
            "support": 1526.0
        },
        "I-LOC": {
            "precision": 0.0,
            "recall": 0.0,
            "f1-score": 0.0,
            "support": 3597.0
        },
        "I-ORG": {
            "precision": 0.0,
            "recall": 0.0,
            "f1-score": 0.0,
            "support": 5549.0
        },
        "I-PER": {
            "precision": 0.0,
            "recall": 0.0,
            "f1-score": 0.0,
            "support": 5909.0
        },
        "O": {
            "precision": 0.8472171733249663,
            "recall": 0.997473262397768,
            "f1-score": 0.9162242176691865,
            "support": 292472.0
        }
    },
    "training_duration_seconds": 33.00582242012024,
    "average_epochs": 28,
    "labels": [
        "B-DATE",
        "B-LOC",
        "B-ORG",
        "B-PER",
        "I-DATE",
        "I-LOC",
        "I-ORG",
        "I-PER",
        "O"
    ]
}