{
    "average_accuracy": 0.9174025396936886,
    "classification_report": {
        "B-DATE": {
            "precision": 0.8772206967385168,
            "recall": 0.7851063829787234,
            "f1-score": 0.8280752390645209,
            "support": 940.0
        },
        "B-LOC": {
            "precision": 0.826031915724637,
            "recall": 0.8437719915552427,
            "f1-score": 0.8348075203061053,
            "support": 2842.0
        },
        "B-ORG": {
            "precision": 0.5537864422084624,
            "recall": 0.21458333333333332,
            "f1-score": 0.30772812805232175,
            "support": 960.0
        },
        "B-PER": {
            "precision": 0.6826774989877671,
            "recall": 0.4864864864864865,
            "f1-score": 0.5673621623996461,
            "support": 1702.0
        },
        "I-DATE": {
            "precision": 0.3517064028353448,
            "recall": 0.055793991416309016,
            "f1-score": 0.0957334079872602,
            "support": 466.0
        },
        "I-LOC": {
            "precision": 0.7446631521995594,
            "recall": 0.2673392181588903,
            "f1-score": 0.3933089282362585,
            "support": 793.0
        },
        "I-ORG": {
            "precision": 0.6172771943555029,
            "recall": 0.06988783433994823,
            "f1-score": 0.12524025728792346,
            "support": 1159.0
        },
        "I-PER": {
            "precision": 0.5369750907881949,
            "recall": 0.037900874635568516,
            "f1-score": 0.0705777550002997,
            "support": 1029.0
        },
        "O": {
            "precision": 0.9315147616225716,
            "recall": 0.9949493225949562,
            "f1-score": 0.9621874884846255,
            "support": 58606.0
        }
    },
    "training_duration_seconds": 24.47325325012207,
    "average_epochs": 80,
    "labels": [
        "B-DATE",
        "B-LOC",
        "B-ORG",
        "B-PER",
        "I-DATE",
        "I-LOC",
        "I-ORG",
        "I-PER",
        "O"
    ]
}