{
    "average_accuracy": 0.8383937208864097,
    "classification_report": {
        "B-DATE": {
            "precision": 0.6623228436676661,
            "recall": 0.2734746862829944,
            "f1-score": 0.38672629308815876,
            "support": 2311.0
        },
        "B-LOC": {
            "precision": 0.5312266561041656,
            "recall": 0.316386678455644,
            "f1-score": 0.38694321326302134,
            "support": 6786.0
        },
        "B-ORG": {
            "precision": 0.5375461475128025,
            "recall": 0.3838649155722326,
            "f1-score": 0.43549754264956353,
            "support": 2665.0
        },
        "B-PER": {
            "precision": 0.4191938630655037,
            "recall": 0.2473655019412091,
            "f1-score": 0.30684584926494546,
            "support": 5409.0
        },
        "I-DATE": {
            "precision": 0.19375,
            "recall": 0.019444444444444445,
            "f1-score": 0.03534201954397394,
            "support": 720.0
        },
        "I-LOC": {
            "precision": 0.315113755813876,
            "recall": 0.08919270833333333,
            "f1-score": 0.13518407661060947,
            "support": 1536.0
        },
        "I-ORG": {
            "precision": 0.4272166338639126,
            "recall": 0.04462293618920125,
            "f1-score": 0.07862073687982078,
            "support": 2241.0
        },
        "I-PER": {
            "precision": 0.11565243717832274,
            "recall": 0.0003027550711474417,
            "f1-score": 0.000603929175865915,
            "support": 3303.0
        },
        "O": {
            "precision": 0.8716996957072797,
            "recall": 0.9811079884645764,
            "f1-score": 0.9231596923034545,
            "support": 108882.0
        }
    },
    "training_duration_seconds": 1.9255471229553223,
    "average_epochs": 1,
    "labels": [
        "B-DATE",
        "B-LOC",
        "B-ORG",
        "B-PER",
        "I-DATE",
        "I-LOC",
        "I-ORG",
        "I-PER",
        "O"
    ]
}