{
    "average_accuracy": 0.838414146603513,
    "classification_report": {
        "B-DATE": {
            "precision": 0.6882702717966938,
            "recall": 0.27260926006057984,
            "f1-score": 0.38873237916700865,
            "support": 2311.0
        },
        "B-LOC": {
            "precision": 0.49094445104844525,
            "recall": 0.33524904214559387,
            "f1-score": 0.3934819121283389,
            "support": 6786.0
        },
        "B-ORG": {
            "precision": 0.6052088843304465,
            "recall": 0.3617260787992495,
            "f1-score": 0.450068784476013,
            "support": 2665.0
        },
        "B-PER": {
            "precision": 0.42270145642284324,
            "recall": 0.2486596413385099,
            "f1-score": 0.3102408370411357,
            "support": 5409.0
        },
        "I-DATE": {
            "precision": 0.14253472222222222,
            "recall": 0.022222222222222223,
            "f1-score": 0.03543510980618948,
            "support": 720.0
        },
        "I-LOC": {
            "precision": 0.3275195954271632,
            "recall": 0.047526041666666664,
            "f1-score": 0.08091810637441606,
            "support": 1536.0
        },
        "I-ORG": {
            "precision": 0.3691905919214028,
            "recall": 0.038375725122713075,
            "f1-score": 0.06844852340414682,
            "support": 2241.0
        },
        "I-PER": {
            "precision": 0.2417943388207575,
            "recall": 0.006660611565243718,
            "f1-score": 0.012825851122146502,
            "support": 3303.0
        },
        "O": {
            "precision": 0.8704779573025043,
            "recall": 0.9809610403923513,
            "f1-score": 0.9223924732884968,
            "support": 108882.0
        }
    },
    "training_duration_seconds": 6.618347406387329,
    "average_epochs": 1,
    "labels": [
        "B-DATE",
        "B-LOC",
        "B-ORG",
        "B-PER",
        "I-DATE",
        "I-LOC",
        "I-ORG",
        "I-PER",
        "O"
    ]
}