{
    "average_accuracy": 0.9143120706596041,
    "classification_report": {
        "B-DATE": {
            "precision": 0.8562179576322255,
            "recall": 0.7085106382978723,
            "f1-score": 0.7753499676139507,
            "support": 940.0
        },
        "B-LOC": {
            "precision": 0.7879024146033514,
            "recall": 0.8328641801548206,
            "f1-score": 0.8095906441298759,
            "support": 2842.0
        },
        "B-ORG": {
            "precision": 0.544802343627878,
            "recall": 0.23854166666666668,
            "f1-score": 0.3303735586109218,
            "support": 960.0
        },
        "B-PER": {
            "precision": 0.6895692087435655,
            "recall": 0.500587544065805,
            "f1-score": 0.5794435839778207,
            "support": 1702.0
        },
        "I-DATE": {
            "precision": 0.3177678796840625,
            "recall": 0.0407725321888412,
            "f1-score": 0.06358696316157383,
            "support": 466.0
        },
        "I-LOC": {
            "precision": 0.5939304325180743,
            "recall": 0.13745271122320302,
            "f1-score": 0.22201286655434416,
            "support": 793.0
        },
        "I-ORG": {
            "precision": 0.5846305549497957,
            "recall": 0.08628127696289906,
            "f1-score": 0.14924505369741334,
            "support": 1159.0
        },
        "I-PER": {
            "precision": 0.48907770385930693,
            "recall": 0.05053449951409135,
            "f1-score": 0.08977991823558783,
            "support": 1029.0
        },
        "O": {
            "precision": 0.9315526933199256,
            "recall": 0.9936013377469883,
            "f1-score": 0.9615751980300385,
            "support": 58606.0
        }
    },
    "training_duration_seconds": 0.9430539608001709,
    "average_epochs": 1,
    "labels": [
        "B-DATE",
        "B-LOC",
        "B-ORG",
        "B-PER",
        "I-DATE",
        "I-LOC",
        "I-ORG",
        "I-PER",
        "O"
    ]
}