{
    "average_accuracy": 0.8916479311852237,
    "classification_report": {
        "B-DATE": {
            "precision": 0.8280632862070015,
            "recall": 0.811017597551645,
            "f1-score": 0.8181154365504821,
            "support": 1307.0
        },
        "B-LOC": {
            "precision": 0.7814074626622519,
            "recall": 0.7133776365212366,
            "f1-score": 0.7451063356427745,
            "support": 3461.0
        },
        "B-ORG": {
            "precision": 0.5906089262675102,
            "recall": 0.43718274111675126,
            "f1-score": 0.49834735403548164,
            "support": 1576.0
        },
        "B-PER": {
            "precision": 0.497872928134121,
            "recall": 0.5155654383735705,
            "f1-score": 0.5041656833162034,
            "support": 3148.0
        },
        "I-DATE": {
            "precision": 0.4188012295081967,
            "recall": 0.03278688524590164,
            "f1-score": 0.05461788433099908,
            "support": 488.0
        },
        "I-LOC": {
            "precision": 0.7200156123229896,
            "recall": 0.3064340239912759,
            "f1-score": 0.42696356089929627,
            "support": 917.0
        },
        "I-ORG": {
            "precision": 0.49900012205977173,
            "recall": 0.10145985401459855,
            "f1-score": 0.16465628090370552,
            "support": 1370.0
        },
        "I-PER": {
            "precision": 0.2816349699727686,
            "recall": 0.11879432624113476,
            "f1-score": 0.158146400917794,
            "support": 2256.0
        },
        "O": {
            "precision": 0.9307476672310894,
            "recall": 0.9816959072555116,
            "f1-score": 0.9555269332088274,
            "support": 71077.0
        }
    },
    "training_duration_seconds": 4.336742162704468,
    "average_epochs": 1,
    "labels": [
        "B-DATE",
        "B-LOC",
        "B-ORG",
        "B-PER",
        "I-DATE",
        "I-LOC",
        "I-ORG",
        "I-PER",
        "O"
    ]
}