{
    "accuracy": 0.79536354056902,
    "classification_report": {
        "B-DATE": {
            "precision": 0.8181818181818182,
            "recall": 0.09574468085106383,
            "f1-score": 0.17142857142857143,
            "support": 94.0
        },
        "B-EVENT": {
            "precision": 0.6,
            "recall": 0.21428571428571427,
            "f1-score": 0.3157894736842105,
            "support": 14.0
        },
        "B-LOC": {
            "precision": 0.0,
            "recall": 0.0,
            "f1-score": 0.0,
            "support": 125.0
        },
        "B-ORG": {
            "precision": 0.4444444444444444,
            "recall": 0.03389830508474576,
            "f1-score": 0.06299212598425197,
            "support": 118.0
        },
        "B-PER": {
            "precision": 1.0,
            "recall": 0.033112582781456956,
            "f1-score": 0.0641025641025641,
            "support": 151.0
        },
        "B-PRO": {
            "precision": 0.5,
            "recall": 0.03278688524590164,
            "f1-score": 0.06153846153846154,
            "support": 61.0
        },
        "I-DATE": {
            "precision": 0.0,
            "recall": 0.0,
            "f1-score": 0.0,
            "support": 75.0
        },
        "I-EVENT": {
            "precision": 0.0,
            "recall": 0.0,
            "f1-score": 0.0,
            "support": 25.0
        },
        "I-LOC": {
            "precision": 0.0,
            "recall": 0.0,
            "f1-score": 0.0,
            "support": 5.0
        },
        "I-ORG": {
            "precision": 0.4,
            "recall": 0.019230769230769232,
            "f1-score": 0.03669724770642202,
            "support": 104.0
        },
        "I-PER": {
            "precision": 1.0,
            "recall": 0.011627906976744186,
            "f1-score": 0.022988505747126436,
            "support": 86.0
        },
        "I-PRO": {
            "precision": 0.5,
            "recall": 0.05555555555555555,
            "f1-score": 0.1,
            "support": 144.0
        },
        "O": {
            "precision": 0.7979517815233625,
            "recall": 0.999198503873898,
            "f1-score": 0.8873072360616845,
            "support": 3743.0
        },
        "accuracy": 0.79536354056902,
        "macro avg": {
            "precision": 0.46619831108843274,
            "recall": 0.11503391568352687,
            "f1-score": 0.1325264758656379,
            "support": 4745.0
        },
        "weighted avg": {
            "precision": 0.7387960070801858,
            "recall": 0.79536354056902,
            "f1-score": 0.7129159646743826,
            "support": 4745.0
        }
    },
    "confusion_matrix": [
        [
            9,
            0,
            0,
            0,
            0,
            0,
            0,
            0,
            0,
            0,
            0,
            0,
            85
        ],
        [
            0,
            3,
            0,
            0,
            0,
            0,
            0,
            0,
            0,
            0,
            0,
            0,
            11
        ],
        [
            0,
            0,
            0,
            1,
            0,
            0,
            0,
            0,
            0,
            0,
            0,
            0,
            124
        ],
        [
            0,
            0,
            0,
            4,
            0,
            0,
            0,
            0,
            0,
            0,
            0,
            2,
            112
        ],
        [
            0,
            0,
            0,
            0,
            5,
            0,
            0,
            0,
            0,
            0,
            0,
            2,
            144
        ],
        [
            0,
            2,
            0,
            0,
            0,
            2,
            0,
            0,
            0,
            0,
            0,
            1,
            56
        ],
        [
            0,
            0,
            0,
            0,
            0,
            0,
            0,
            0,
            0,
            0,
            0,
            0,
            75
        ],
        [
            0,
            0,
            0,
            0,
            0,
            0,
            0,
            0,
            0,
            0,
            0,
            1,
            24
        ],
        [
            0,
            0,
            0,
            0,
            0,
            0,
            0,
            0,
            0,
            0,
            0,
            0,
            5
        ],
        [
            0,
            0,
            1,
            0,
            0,
            0,
            0,
            0,
            0,
            2,
            0,
            1,
            100
        ],
        [
            0,
            0,
            1,
            0,
            0,
            0,
            0,
            0,
            0,
            0,
            1,
            0,
            84
        ],
        [
            0,
            0,
            0,
            4,
            0,
            2,
            0,
            0,
            0,
            3,
            0,
            8,
            127
        ],
        [
            2,
            0,
            0,
            0,
            0,
            0,
            0,
            0,
            0,
            0,
            0,
            1,
            3740
        ]
    ],
    "labels": [
        "B-DATE",
        "B-EVENT",
        "B-LOC",
        "B-ORG",
        "B-PER",
        "B-PRO",
        "I-DATE",
        "I-EVENT",
        "I-LOC",
        "I-ORG",
        "I-PER",
        "I-PRO",
        "O"
    ]
}