{
    "accuracy": 0.8402528977871444,
    "classification_report": {
        "B-DATE": {
            "precision": 0.775,
            "recall": 0.6595744680851063,
            "f1-score": 0.7126436781609196,
            "support": 94.0
        },
        "B-EVENT": {
            "precision": 0.0,
            "recall": 0.0,
            "f1-score": 0.0,
            "support": 14.0
        },
        "B-LOC": {
            "precision": 0.6101694915254238,
            "recall": 0.288,
            "f1-score": 0.391304347826087,
            "support": 125.0
        },
        "B-ORG": {
            "precision": 0.48148148148148145,
            "recall": 0.11016949152542373,
            "f1-score": 0.1793103448275862,
            "support": 118.0
        },
        "B-PER": {
            "precision": 0.6818181818181818,
            "recall": 0.3973509933774834,
            "f1-score": 0.502092050209205,
            "support": 151.0
        },
        "B-PRO": {
            "precision": 0.5,
            "recall": 0.03278688524590164,
            "f1-score": 0.06153846153846154,
            "support": 61.0
        },
        "I-DATE": {
            "precision": 0.8095238095238095,
            "recall": 0.9066666666666666,
            "f1-score": 0.8553459119496856,
            "support": 75.0
        },
        "I-EVENT": {
            "precision": 0.375,
            "recall": 0.12,
            "f1-score": 0.18181818181818182,
            "support": 25.0
        },
        "I-LOC": {
            "precision": 0.0,
            "recall": 0.0,
            "f1-score": 0.0,
            "support": 5.0
        },
        "I-ORG": {
            "precision": 0.6428571428571429,
            "recall": 0.08653846153846154,
            "f1-score": 0.15254237288135594,
            "support": 104.0
        },
        "I-PER": {
            "precision": 0.5454545454545454,
            "recall": 0.06976744186046512,
            "f1-score": 0.12371134020618557,
            "support": 86.0
        },
        "I-PRO": {
            "precision": 0.4594594594594595,
            "recall": 0.11805555555555555,
            "f1-score": 0.1878453038674033,
            "support": 144.0
        },
        "O": {
            "precision": 0.8568459939967675,
            "recall": 0.9914507079882448,
            "f1-score": 0.9192469655684915,
            "support": 3743.0
        },
        "accuracy": 0.8402528977871444,
        "macro avg": {
            "precision": 0.5182777004705239,
            "recall": 0.2907969747571776,
            "f1-score": 0.32826145837335097,
            "support": 4745.0
        },
        "weighted avg": {
            "precision": 0.8001228206285819,
            "recall": 0.8402528977871444,
            "f1-score": 0.7965481583792038,
            "support": 4745.0
        }
    },
    "confusion_matrix": [
        [
            62,
            0,
            0,
            0,
            0,
            0,
            14,
            0,
            0,
            0,
            0,
            0,
            18
        ],
        [
            0,
            0,
            2,
            0,
            0,
            0,
            0,
            0,
            0,
            0,
            1,
            0,
            11
        ],
        [
            0,
            0,
            36,
            9,
            0,
            0,
            0,
            0,
            0,
            0,
            0,
            0,
            80
        ],
        [
            0,
            0,
            13,
            13,
            4,
            0,
            0,
            0,
            0,
            0,
            0,
            4,
            84
        ],
        [
            0,
            0,
            0,
            0,
            60,
            0,
            0,
            0,
            0,
            0,
            2,
            0,
            89
        ],
        [
            0,
            0,
            0,
            1,
            3,
            2,
            0,
            0,
            0,
            0,
            0,
            0,
            55
        ],
        [
            1,
            0,
            0,
            0,
            0,
            0,
            68,
            0,
            0,
            0,
            0,
            0,
            6
        ],
        [
            0,
            0,
            2,
            1,
            0,
            0,
            2,
            3,
            0,
            0,
            0,
            2,
            15
        ],
        [
            0,
            0,
            0,
            0,
            0,
            0,
            0,
            0,
            0,
            0,
            0,
            0,
            5
        ],
        [
            0,
            0,
            2,
            1,
            1,
            1,
            0,
            1,
            1,
            9,
            0,
            9,
            79
        ],
        [
            0,
            0,
            0,
            0,
            13,
            0,
            0,
            0,
            0,
            0,
            6,
            2,
            65
        ],
        [
            0,
            0,
            0,
            2,
            3,
            1,
            0,
            3,
            1,
            2,
            2,
            17,
            113
        ],
        [
            17,
            0,
            4,
            0,
            4,
            0,
            0,
            1,
            0,
            3,
            0,
            3,
            3711
        ]
    ],
    "labels": [
        "B-DATE",
        "B-EVENT",
        "B-LOC",
        "B-ORG",
        "B-PER",
        "B-PRO",
        "I-DATE",
        "I-EVENT",
        "I-LOC",
        "I-ORG",
        "I-PER",
        "I-PRO",
        "O"
    ]
}