{
    "accuracy": 0.7892518440463646,
    "classification_report": {
        "B-DATE": {
            "precision": 0.42857142857142855,
            "recall": 0.031914893617021274,
            "f1-score": 0.0594059405940594,
            "support": 94.0
        },
        "B-EVENT": {
            "precision": 0.0,
            "recall": 0.0,
            "f1-score": 0.0,
            "support": 14.0
        },
        "B-LOC": {
            "precision": 0.0,
            "recall": 0.0,
            "f1-score": 0.0,
            "support": 125.0
        },
        "B-ORG": {
            "precision": 0.0,
            "recall": 0.0,
            "f1-score": 0.0,
            "support": 118.0
        },
        "B-PER": {
            "precision": 0.0,
            "recall": 0.0,
            "f1-score": 0.0,
            "support": 151.0
        },
        "B-PRO": {
            "precision": 0.0,
            "recall": 0.0,
            "f1-score": 0.0,
            "support": 61.0
        },
        "I-DATE": {
            "precision": 0.0,
            "recall": 0.0,
            "f1-score": 0.0,
            "support": 75.0
        },
        "I-EVENT": {
            "precision": 0.0,
            "recall": 0.0,
            "f1-score": 0.0,
            "support": 25.0
        },
        "I-LOC": {
            "precision": 0.0,
            "recall": 0.0,
            "f1-score": 0.0,
            "support": 5.0
        },
        "I-ORG": {
            "precision": 0.5,
            "recall": 0.019230769230769232,
            "f1-score": 0.037037037037037035,
            "support": 104.0
        },
        "I-PER": {
            "precision": 1.0,
            "recall": 0.011627906976744186,
            "f1-score": 0.022988505747126436,
            "support": 86.0
        },
        "I-PRO": {
            "precision": 0.42857142857142855,
            "recall": 0.020833333333333332,
            "f1-score": 0.039735099337748346,
            "support": 144.0
        },
        "O": {
            "precision": 0.7908552074513124,
            "recall": 0.9981298423724285,
            "f1-score": 0.8824849415377347,
            "support": 3743.0
        },
        "accuracy": 0.7892518440463646,
        "macro avg": {
            "precision": 0.24215369727647457,
            "recall": 0.08321051888694589,
            "f1-score": 0.08012704032720815,
            "support": 4745.0
        },
        "weighted avg": {
            "precision": 0.6744301457302976,
            "recall": 0.7892518440463646,
            "f1-score": 0.6997420468371597,
            "support": 4745.0
        }
    },
    "confusion_matrix": [
        [
            3,
            0,
            0,
            0,
            0,
            0,
            0,
            0,
            0,
            0,
            0,
            0,
            91
        ],
        [
            0,
            0,
            0,
            0,
            0,
            0,
            0,
            0,
            0,
            0,
            0,
            0,
            14
        ],
        [
            0,
            0,
            0,
            0,
            0,
            0,
            0,
            0,
            0,
            0,
            0,
            0,
            125
        ],
        [
            0,
            0,
            0,
            0,
            0,
            0,
            0,
            0,
            0,
            0,
            0,
            0,
            118
        ],
        [
            0,
            0,
            0,
            0,
            0,
            0,
            0,
            0,
            0,
            0,
            0,
            0,
            151
        ],
        [
            0,
            0,
            0,
            0,
            0,
            0,
            0,
            0,
            0,
            0,
            0,
            0,
            61
        ],
        [
            0,
            0,
            0,
            0,
            0,
            0,
            0,
            0,
            0,
            0,
            0,
            0,
            75
        ],
        [
            0,
            0,
            0,
            0,
            0,
            0,
            0,
            0,
            0,
            0,
            0,
            0,
            25
        ],
        [
            0,
            0,
            0,
            0,
            0,
            0,
            0,
            0,
            0,
            0,
            0,
            0,
            5
        ],
        [
            0,
            0,
            0,
            0,
            0,
            0,
            0,
            0,
            0,
            2,
            0,
            0,
            102
        ],
        [
            0,
            0,
            0,
            0,
            0,
            0,
            0,
            0,
            0,
            0,
            1,
            1,
            84
        ],
        [
            0,
            0,
            0,
            0,
            0,
            2,
            0,
            0,
            0,
            2,
            0,
            3,
            137
        ],
        [
            4,
            0,
            0,
            0,
            0,
            0,
            0,
            0,
            0,
            0,
            0,
            3,
            3736
        ]
    ],
    "labels": [
        "B-DATE",
        "B-EVENT",
        "B-LOC",
        "B-ORG",
        "B-PER",
        "B-PRO",
        "I-DATE",
        "I-EVENT",
        "I-LOC",
        "I-ORG",
        "I-PER",
        "I-PRO",
        "O"
    ]
}