{
    "accuracy": 0.7972602739726027,
    "classification_report": {
        "B-DATE": {
            "precision": 0.5333333333333333,
            "recall": 0.0851063829787234,
            "f1-score": 0.14678899082568808,
            "support": 94.0
        },
        "B-EVENT": {
            "precision": 0.0,
            "recall": 0.0,
            "f1-score": 0.0,
            "support": 14.0
        },
        "B-LOC": {
            "precision": 0.6,
            "recall": 0.024,
            "f1-score": 0.046153846153846156,
            "support": 125.0
        },
        "B-ORG": {
            "precision": 0.0,
            "recall": 0.0,
            "f1-score": 0.0,
            "support": 118.0
        },
        "B-PER": {
            "precision": 0.0,
            "recall": 0.0,
            "f1-score": 0.0,
            "support": 151.0
        },
        "B-PRO": {
            "precision": 0.0,
            "recall": 0.0,
            "f1-score": 0.0,
            "support": 61.0
        },
        "I-DATE": {
            "precision": 0.7948717948717948,
            "recall": 0.41333333333333333,
            "f1-score": 0.543859649122807,
            "support": 75.0
        },
        "I-EVENT": {
            "precision": 0.5,
            "recall": 0.08,
            "f1-score": 0.13793103448275862,
            "support": 25.0
        },
        "I-LOC": {
            "precision": 0.0,
            "recall": 0.0,
            "f1-score": 0.0,
            "support": 5.0
        },
        "I-ORG": {
            "precision": 0.4,
            "recall": 0.019230769230769232,
            "f1-score": 0.03669724770642202,
            "support": 104.0
        },
        "I-PER": {
            "precision": 1.0,
            "recall": 0.011627906976744186,
            "f1-score": 0.022988505747126436,
            "support": 86.0
        },
        "I-PRO": {
            "precision": 0.5,
            "recall": 0.05555555555555555,
            "f1-score": 0.1,
            "support": 144.0
        },
        "O": {
            "precision": 0.8010313708637731,
            "recall": 0.9959925193694897,
            "f1-score": 0.8879361676789329,
            "support": 3743.0
        },
        "accuracy": 0.7972602739726027,
        "macro avg": {
            "precision": 0.3945566537745308,
            "recall": 0.1296035744188166,
            "f1-score": 0.147873495516737,
            "support": 4745.0
        },
        "weighted avg": {
            "precision": 0.7155129903249359,
            "recall": 0.7972602739726027,
            "f1-score": 0.7181335608706199,
            "support": 4745.0
        }
    },
    "confusion_matrix": [
        [
            8,
            0,
            0,
            0,
            0,
            0,
            5,
            0,
            0,
            0,
            0,
            0,
            81
        ],
        [
            0,
            0,
            0,
            0,
            0,
            0,
            0,
            0,
            0,
            0,
            0,
            0,
            14
        ],
        [
            0,
            0,
            3,
            2,
            0,
            0,
            0,
            0,
            0,
            0,
            0,
            0,
            120
        ],
        [
            0,
            0,
            2,
            0,
            0,
            0,
            0,
            0,
            0,
            0,
            0,
            2,
            114
        ],
        [
            0,
            0,
            0,
            0,
            0,
            0,
            0,
            0,
            0,
            0,
            0,
            0,
            151
        ],
        [
            0,
            0,
            0,
            0,
            0,
            0,
            0,
            0,
            0,
            0,
            0,
            0,
            61
        ],
        [
            0,
            0,
            0,
            0,
            0,
            0,
            31,
            0,
            0,
            0,
            0,
            0,
            44
        ],
        [
            0,
            0,
            0,
            0,
            0,
            0,
            1,
            2,
            0,
            0,
            0,
            0,
            22
        ],
        [
            0,
            0,
            0,
            0,
            0,
            0,
            0,
            0,
            0,
            0,
            0,
            0,
            5
        ],
        [
            0,
            0,
            0,
            0,
            0,
            0,
            0,
            0,
            0,
            2,
            0,
            1,
            101
        ],
        [
            0,
            0,
            0,
            0,
            2,
            0,
            0,
            0,
            0,
            0,
            1,
            1,
            82
        ],
        [
            0,
            0,
            0,
            0,
            0,
            2,
            0,
            1,
            0,
            2,
            0,
            8,
            131
        ],
        [
            7,
            0,
            0,
            0,
            0,
            0,
            2,
            1,
            0,
            1,
            0,
            4,
            3728
        ]
    ],
    "labels": [
        "B-DATE",
        "B-EVENT",
        "B-LOC",
        "B-ORG",
        "B-PER",
        "B-PRO",
        "I-DATE",
        "I-EVENT",
        "I-LOC",
        "I-ORG",
        "I-PER",
        "I-PRO",
        "O"
    ]
}