{
    "accuracy": 0.8033719704952582,
    "classification_report": {
        "B-DATE": {
            "precision": 0.7368421052631579,
            "recall": 0.2978723404255319,
            "f1-score": 0.42424242424242425,
            "support": 94.0
        },
        "B-EVENT": {
            "precision": 0.0,
            "recall": 0.0,
            "f1-score": 0.0,
            "support": 14.0
        },
        "B-LOC": {
            "precision": 0.6,
            "recall": 0.024,
            "f1-score": 0.046153846153846156,
            "support": 125.0
        },
        "B-ORG": {
            "precision": 0.42857142857142855,
            "recall": 0.025423728813559324,
            "f1-score": 0.048,
            "support": 118.0
        },
        "B-PER": {
            "precision": 0.5,
            "recall": 0.013245033112582781,
            "f1-score": 0.025806451612903226,
            "support": 151.0
        },
        "B-PRO": {
            "precision": 0.0,
            "recall": 0.0,
            "f1-score": 0.0,
            "support": 61.0
        },
        "I-DATE": {
            "precision": 0.8,
            "recall": 0.4266666666666667,
            "f1-score": 0.5565217391304348,
            "support": 75.0
        },
        "I-EVENT": {
            "precision": 0.5,
            "recall": 0.08,
            "f1-score": 0.13793103448275862,
            "support": 25.0
        },
        "I-LOC": {
            "precision": 0.0,
            "recall": 0.0,
            "f1-score": 0.0,
            "support": 5.0
        },
        "I-ORG": {
            "precision": 0.6,
            "recall": 0.028846153846153848,
            "f1-score": 0.05504587155963303,
            "support": 104.0
        },
        "I-PER": {
            "precision": 1.0,
            "recall": 0.03488372093023256,
            "f1-score": 0.06741573033707865,
            "support": 86.0
        },
        "I-PRO": {
            "precision": 0.5333333333333333,
            "recall": 0.05555555555555555,
            "f1-score": 0.10062893081761007,
            "support": 144.0
        },
        "O": {
            "precision": 0.8065772392903505,
            "recall": 0.9959925193694897,
            "f1-score": 0.8913329348475793,
            "support": 3743.0
        },
        "accuracy": 0.8033719704952582,
        "macro avg": {
            "precision": 0.5004095466506361,
            "recall": 0.1524989014399825,
            "f1-score": 0.18100607409109754,
            "support": 4745.0
        },
        "weighted avg": {
            "precision": 0.755964845759736,
            "recall": 0.8033719704952582,
            "f1-score": 0.7297509934166141,
            "support": 4745.0
        }
    },
    "confusion_matrix": [
        [
            28,
            0,
            0,
            0,
            0,
            0,
            5,
            0,
            0,
            0,
            0,
            0,
            61
        ],
        [
            0,
            0,
            0,
            0,
            0,
            0,
            0,
            0,
            0,
            0,
            0,
            0,
            14
        ],
        [
            0,
            0,
            3,
            3,
            0,
            0,
            0,
            0,
            0,
            0,
            0,
            0,
            119
        ],
        [
            0,
            0,
            2,
            3,
            0,
            0,
            0,
            0,
            0,
            0,
            0,
            2,
            111
        ],
        [
            0,
            0,
            0,
            0,
            2,
            0,
            0,
            0,
            0,
            0,
            0,
            0,
            149
        ],
        [
            0,
            0,
            0,
            0,
            0,
            0,
            0,
            0,
            0,
            0,
            0,
            0,
            61
        ],
        [
            0,
            0,
            0,
            0,
            0,
            0,
            32,
            0,
            0,
            0,
            0,
            0,
            43
        ],
        [
            0,
            0,
            0,
            0,
            0,
            0,
            2,
            2,
            0,
            0,
            0,
            0,
            21
        ],
        [
            0,
            0,
            0,
            0,
            0,
            0,
            0,
            0,
            0,
            0,
            0,
            0,
            5
        ],
        [
            0,
            0,
            0,
            0,
            0,
            0,
            0,
            0,
            0,
            3,
            0,
            1,
            100
        ],
        [
            0,
            0,
            0,
            0,
            2,
            0,
            0,
            0,
            0,
            0,
            3,
            1,
            80
        ],
        [
            0,
            0,
            0,
            1,
            0,
            2,
            0,
            1,
            0,
            2,
            0,
            8,
            130
        ],
        [
            10,
            0,
            0,
            0,
            0,
            0,
            1,
            1,
            0,
            0,
            0,
            3,
            3728
        ]
    ],
    "labels": [
        "B-DATE",
        "B-EVENT",
        "B-LOC",
        "B-ORG",
        "B-PER",
        "B-PRO",
        "I-DATE",
        "I-EVENT",
        "I-LOC",
        "I-ORG",
        "I-PER",
        "I-PRO",
        "O"
    ]
}