{
    "accuracy": 0.7913593256059009,
    "classification_report": {
        "B-DATE": {
            "precision": 0.42857142857142855,
            "recall": 0.031914893617021274,
            "f1-score": 0.0594059405940594,
            "support": 94.0
        },
        "B-EVENT": {
            "precision": 0.0,
            "recall": 0.0,
            "f1-score": 0.0,
            "support": 14.0
        },
        "B-LOC": {
            "precision": 0.0,
            "recall": 0.0,
            "f1-score": 0.0,
            "support": 125.0
        },
        "B-ORG": {
            "precision": 1.0,
            "recall": 0.025423728813559324,
            "f1-score": 0.049586776859504134,
            "support": 118.0
        },
        "B-PER": {
            "precision": 0.0,
            "recall": 0.0,
            "f1-score": 0.0,
            "support": 151.0
        },
        "B-PRO": {
            "precision": 0.0,
            "recall": 0.0,
            "f1-score": 0.0,
            "support": 61.0
        },
        "I-DATE": {
            "precision": 0.0,
            "recall": 0.0,
            "f1-score": 0.0,
            "support": 75.0
        },
        "I-EVENT": {
            "precision": 0.6666666666666666,
            "recall": 0.08,
            "f1-score": 0.14285714285714285,
            "support": 25.0
        },
        "I-LOC": {
            "precision": 0.0,
            "recall": 0.0,
            "f1-score": 0.0,
            "support": 5.0
        },
        "I-ORG": {
            "precision": 1.0,
            "recall": 0.019230769230769232,
            "f1-score": 0.03773584905660377,
            "support": 104.0
        },
        "I-PER": {
            "precision": 1.0,
            "recall": 0.06976744186046512,
            "f1-score": 0.13043478260869565,
            "support": 86.0
        },
        "I-PRO": {
            "precision": 0.3333333333333333,
            "recall": 0.006944444444444444,
            "f1-score": 0.013605442176870748,
            "support": 144.0
        },
        "O": {
            "precision": 0.7922848664688428,
            "recall": 0.9986641731231632,
            "f1-score": 0.8835835007682307,
            "support": 3743.0
        },
        "accuracy": 0.7913593256059009,
        "macro avg": {
            "precision": 0.40160433038771315,
            "recall": 0.09476503469918635,
            "f1-score": 0.10132380268623901,
            "support": 4745.0
        },
        "weighted avg": {
            "precision": 0.7120072995037429,
            "recall": 0.7913593256059009,
            "f1-score": 0.7037641671890164,
            "support": 4745.0
        }
    },
    "confusion_matrix": [
        [
            3,
            0,
            0,
            0,
            0,
            0,
            0,
            0,
            0,
            0,
            0,
            0,
            91
        ],
        [
            0,
            0,
            0,
            0,
            0,
            0,
            0,
            0,
            0,
            0,
            0,
            0,
            14
        ],
        [
            0,
            0,
            0,
            0,
            0,
            0,
            0,
            0,
            0,
            0,
            0,
            0,
            125
        ],
        [
            0,
            0,
            0,
            3,
            0,
            1,
            0,
            0,
            0,
            0,
            0,
            0,
            114
        ],
        [
            0,
            0,
            0,
            0,
            0,
            0,
            0,
            0,
            0,
            0,
            0,
            0,
            151
        ],
        [
            0,
            0,
            0,
            0,
            0,
            0,
            0,
            0,
            0,
            0,
            0,
            0,
            61
        ],
        [
            0,
            0,
            0,
            0,
            0,
            0,
            0,
            0,
            0,
            0,
            0,
            0,
            75
        ],
        [
            0,
            0,
            0,
            0,
            0,
            0,
            0,
            2,
            0,
            0,
            0,
            0,
            23
        ],
        [
            0,
            0,
            0,
            0,
            0,
            0,
            0,
            0,
            0,
            0,
            0,
            0,
            5
        ],
        [
            0,
            0,
            0,
            0,
            0,
            0,
            0,
            0,
            0,
            2,
            0,
            0,
            102
        ],
        [
            0,
            0,
            0,
            0,
            2,
            0,
            0,
            0,
            0,
            0,
            6,
            1,
            77
        ],
        [
            0,
            0,
            0,
            0,
            0,
            0,
            0,
            1,
            0,
            0,
            0,
            1,
            142
        ],
        [
            4,
            0,
            0,
            0,
            0,
            0,
            0,
            0,
            0,
            0,
            0,
            1,
            3738
        ]
    ],
    "labels": [
        "B-DATE",
        "B-EVENT",
        "B-LOC",
        "B-ORG",
        "B-PER",
        "B-PRO",
        "I-DATE",
        "I-EVENT",
        "I-LOC",
        "I-ORG",
        "I-PER",
        "I-PRO",
        "O"
    ]
}