{
    "accuracy": 0.7934668071654373,
    "classification_report": {
        "B-DATE": {
            "precision": 0.5,
            "recall": 0.0425531914893617,
            "f1-score": 0.0784313725490196,
            "support": 94.0
        },
        "B-EVENT": {
            "precision": 0.0,
            "recall": 0.0,
            "f1-score": 0.0,
            "support": 14.0
        },
        "B-LOC": {
            "precision": 0.0,
            "recall": 0.0,
            "f1-score": 0.0,
            "support": 125.0
        },
        "B-ORG": {
            "precision": 0.0,
            "recall": 0.0,
            "f1-score": 0.0,
            "support": 118.0
        },
        "B-PER": {
            "precision": 0.0,
            "recall": 0.0,
            "f1-score": 0.0,
            "support": 151.0
        },
        "B-PRO": {
            "precision": 0.0,
            "recall": 0.0,
            "f1-score": 0.0,
            "support": 61.0
        },
        "I-DATE": {
            "precision": 0.8823529411764706,
            "recall": 0.2,
            "f1-score": 0.32608695652173914,
            "support": 75.0
        },
        "I-EVENT": {
            "precision": 0.6666666666666666,
            "recall": 0.08,
            "f1-score": 0.14285714285714285,
            "support": 25.0
        },
        "I-LOC": {
            "precision": 0.0,
            "recall": 0.0,
            "f1-score": 0.0,
            "support": 5.0
        },
        "I-ORG": {
            "precision": 0.5,
            "recall": 0.019230769230769232,
            "f1-score": 0.037037037037037035,
            "support": 104.0
        },
        "I-PER": {
            "precision": 1.0,
            "recall": 0.011627906976744186,
            "f1-score": 0.022988505747126436,
            "support": 86.0
        },
        "I-PRO": {
            "precision": 0.6,
            "recall": 0.020833333333333332,
            "f1-score": 0.040268456375838924,
            "support": 144.0
        },
        "O": {
            "precision": 0.7948118222411227,
            "recall": 0.9986641731231632,
            "f1-score": 0.8851527350224958,
            "support": 3743.0
        },
        "accuracy": 0.7934668071654373,
        "macro avg": {
            "precision": 0.3802947253910969,
            "recall": 0.10560841339641322,
            "f1-score": 0.11790940047003075,
            "support": 4745.0
        },
        "weighted avg": {
            "precision": 0.7016277740576236,
            "recall": 0.7934668071654373,
            "f1-score": 0.7081464083421695,
            "support": 4745.0
        }
    },
    "confusion_matrix": [
        [
            4,
            0,
            0,
            0,
            0,
            0,
            2,
            0,
            0,
            0,
            0,
            0,
            88
        ],
        [
            0,
            0,
            0,
            0,
            0,
            0,
            0,
            0,
            0,
            0,
            0,
            0,
            14
        ],
        [
            0,
            0,
            0,
            2,
            0,
            0,
            0,
            0,
            0,
            0,
            0,
            0,
            123
        ],
        [
            0,
            0,
            0,
            0,
            0,
            0,
            0,
            0,
            0,
            0,
            0,
            0,
            118
        ],
        [
            0,
            0,
            0,
            0,
            0,
            0,
            0,
            0,
            0,
            0,
            0,
            0,
            151
        ],
        [
            0,
            0,
            0,
            0,
            0,
            0,
            0,
            0,
            0,
            0,
            0,
            0,
            61
        ],
        [
            0,
            0,
            0,
            0,
            0,
            0,
            15,
            0,
            0,
            0,
            0,
            0,
            60
        ],
        [
            0,
            0,
            0,
            0,
            0,
            0,
            0,
            2,
            0,
            0,
            0,
            0,
            23
        ],
        [
            0,
            0,
            0,
            0,
            0,
            0,
            0,
            0,
            0,
            0,
            0,
            0,
            5
        ],
        [
            0,
            0,
            0,
            0,
            0,
            0,
            0,
            0,
            0,
            2,
            0,
            0,
            102
        ],
        [
            0,
            0,
            0,
            0,
            0,
            0,
            0,
            0,
            0,
            0,
            1,
            1,
            84
        ],
        [
            0,
            0,
            0,
            0,
            0,
            2,
            0,
            1,
            0,
            2,
            0,
            3,
            136
        ],
        [
            4,
            0,
            0,
            0,
            0,
            0,
            0,
            0,
            0,
            0,
            0,
            1,
            3738
        ]
    ],
    "labels": [
        "B-DATE",
        "B-EVENT",
        "B-LOC",
        "B-ORG",
        "B-PER",
        "B-PRO",
        "I-DATE",
        "I-EVENT",
        "I-LOC",
        "I-ORG",
        "I-PER",
        "I-PRO",
        "O"
    ]
}