{
    "average_accuracy": 0.8383948889991987,
    "classification_report": {
        "B-LOC": {
            "precision": 0.5044628307632488,
            "recall": 0.45017025498029334,
            "f1-score": 0.47516705775962875,
            "support": 37297.0
        },
        "B-MISC": {
            "precision": 0.29270343793410347,
            "recall": 0.020272631946871723,
            "f1-score": 0.03788027194069331,
            "support": 8583.0
        },
        "B-ORG": {
            "precision": 0.5272008519237719,
            "recall": 0.2221510370785617,
            "f1-score": 0.3125554218533361,
            "support": 12487.0
        },
        "B-PER": {
            "precision": 0.3730732070744736,
            "recall": 0.3808853032825372,
            "f1-score": 0.3767689898052067,
            "support": 23427.0
        },
        "I-LOC": {
            "precision": 0.48291137858403455,
            "recall": 0.022408963585434174,
            "f1-score": 0.04248263200685791,
            "support": 3570.0
        },
        "I-MISC": {
            "precision": 0.34359000710952703,
            "recall": 0.06936485195797516,
            "f1-score": 0.11516918768428396,
            "support": 8376.0
        },
        "I-ORG": {
            "precision": 0.6733036222700771,
            "recall": 0.17759706190975866,
            "f1-score": 0.28086746047617106,
            "support": 7624.0
        },
        "I-PER": {
            "precision": 0.6030031387551096,
            "recall": 0.11273703350939475,
            "f1-score": 0.18984522369138207,
            "support": 11549.0
        },
        "O": {
            "precision": 0.8934495900404381,
            "recall": 0.9845872560931528,
            "f1-score": 0.9368067289821069,
            "support": 428801.0
        }
    },
    "training_duration_seconds": 59.254669427871704,
    "average_epochs": 28,
    "labels": [
        "B-LOC",
        "B-MISC",
        "B-ORG",
        "B-PER",
        "I-LOC",
        "I-MISC",
        "I-ORG",
        "I-PER",
        "O"
    ]
}