{
    "average_accuracy": 0.8247549111269393,
    "classification_report": {
        "B-LOC": {
            "precision": 0.30717514000624263,
            "recall": 0.08545972755223412,
            "f1-score": 0.13369228851622642,
            "support": 133677.0
        },
        "B-MISC": {
            "precision": 0.0,
            "recall": 0.0,
            "f1-score": 0.0,
            "support": 21268.0
        },
        "B-ORG": {
            "precision": 0.06947498565109417,
            "recall": 0.0042660562391072495,
            "f1-score": 0.008038513923902665,
            "support": 38443.0
        },
        "B-PER": {
            "precision": 0.329674550586701,
            "recall": 0.06984268831949217,
            "f1-score": 0.11516176557902848,
            "support": 64903.0
        },
        "I-LOC": {
            "precision": 0.4732869281956376,
            "recall": 0.016168740435158695,
            "f1-score": 0.03126510249146721,
            "support": 15029.0
        },
        "I-MISC": {
            "precision": 0.0,
            "recall": 0.0,
            "f1-score": 0.0,
            "support": 23827.0
        },
        "I-ORG": {
            "precision": 0.0,
            "recall": 0.0,
            "f1-score": 0.0,
            "support": 31084.0
        },
        "I-PER": {
            "precision": 0.0,
            "recall": 0.0,
            "f1-score": 0.0,
            "support": 32997.0
        },
        "O": {
            "precision": 0.8385729732721825,
            "recall": 0.9976179147545009,
            "f1-score": 0.9112067457674622,
            "support": 1628825.0
        }
    },
    "training_duration_seconds": 89.19534587860107,
    "average_epochs": 13,
    "labels": [
        "B-LOC",
        "B-MISC",
        "B-ORG",
        "B-PER",
        "I-LOC",
        "I-MISC",
        "I-ORG",
        "I-PER",
        "O"
    ]
}