{
    "average_accuracy": 0.9103404525921727,
    "classification_report": {
        "B-LOC": {
            "precision": 0.7447632324962765,
            "recall": 0.4968435191403627,
            "f1-score": 0.5955105365063764,
            "support": 14890.0
        },
        "B-MISC": {
            "precision": 0.3601145610426787,
            "recall": 0.09044943820224718,
            "f1-score": 0.14428178987952034,
            "support": 3560.0
        },
        "B-ORG": {
            "precision": 0.5987160946341702,
            "recall": 0.3421005864581482,
            "f1-score": 0.4340277888855663,
            "support": 5627.0
        },
        "B-PER": {
            "precision": 0.6475188478090497,
            "recall": 0.6205415499533147,
            "f1-score": 0.6335880284299262,
            "support": 10710.0
        },
        "I-LOC": {
            "precision": 0.6243751466756161,
            "recall": 0.2347417840375587,
            "f1-score": 0.3372530107093138,
            "support": 1917.0
        },
        "I-MISC": {
            "precision": 0.5050551349814841,
            "recall": 0.2542372881355932,
            "f1-score": 0.336665971897157,
            "support": 4543.0
        },
        "I-ORG": {
            "precision": 0.6145229587951934,
            "recall": 0.35652815343004673,
            "f1-score": 0.44836098332067453,
            "support": 4067.0
        },
        "I-PER": {
            "precision": 0.647508392323565,
            "recall": 0.23644841655333204,
            "f1-score": 0.34417243561002653,
            "support": 5147.0
        },
        "O": {
            "precision": 0.9356589190228314,
            "recall": 0.9929909585971495,
            "f1-score": 0.9634717388966559,
            "support": 307032.0
        }
    },
    "training_duration_seconds": 15.612679481506348,
    "average_epochs": 1,
    "labels": [
        "B-LOC",
        "B-MISC",
        "B-ORG",
        "B-PER",
        "I-LOC",
        "I-MISC",
        "I-ORG",
        "I-PER",
        "O"
    ]
}