{
    "average_accuracy": 0.8087787706467845,
    "classification_report": {
        "B-LOC": {
            "precision": 0.28995056027655564,
            "recall": 0.13555149127743388,
            "f1-score": 0.18460090337511748,
            "support": 71080.0
        },
        "B-MISC": {
            "precision": 0.0,
            "recall": 0.0,
            "f1-score": 0.0,
            "support": 13969.0
        },
        "B-ORG": {
            "precision": 0.5095968303429307,
            "recall": 0.1336773186489182,
            "f1-score": 0.21178640476665886,
            "support": 23063.0
        },
        "B-PER": {
            "precision": 0.3072544602613846,
            "recall": 0.1588857912394273,
            "f1-score": 0.2081097347943981,
            "support": 42326.0
        },
        "I-LOC": {
            "precision": 0.0,
            "recall": 0.0,
            "f1-score": 0.0,
            "support": 7937.0
        },
        "I-MISC": {
            "precision": 0.2590205543507178,
            "recall": 0.0060204288710004735,
            "f1-score": 0.011765637596351184,
            "support": 14783.0
        },
        "I-ORG": {
            "precision": 0.23939137151522263,
            "recall": 0.01552042464804985,
            "f1-score": 0.02914827062716094,
            "support": 17332.0
        },
        "I-PER": {
            "precision": 0.13213703734962443,
            "recall": 0.0006725918808551525,
            "f1-score": 0.0013383713063060782,
            "support": 20815.0
        },
        "O": {
            "precision": 0.8403689281575039,
            "recall": 0.9919312409838649,
            "f1-score": 0.9098793313186974,
            "support": 824910.0
        }
    },
    "training_duration_seconds": 100.294677734375,
    "average_epochs": 26,
    "labels": [
        "B-LOC",
        "B-MISC",
        "B-ORG",
        "B-PER",
        "I-LOC",
        "I-MISC",
        "I-ORG",
        "I-PER",
        "O"
    ]
}