{
    "average_accuracy": 0.8245964670850569,
    "classification_report": {
        "B-LOC": {
            "precision": 0.33732434018383245,
            "recall": 0.06618191611122332,
            "f1-score": 0.1091002078084147,
            "support": 133677.0
        },
        "B-MISC": {
            "precision": 0.9026001504607861,
            "recall": 0.000470189956742524,
            "f1-score": 0.000939801672735624,
            "support": 21268.0
        },
        "B-ORG": {
            "precision": 0.27886323542293173,
            "recall": 0.008974325624951226,
            "f1-score": 0.01692014559559069,
            "support": 38443.0
        },
        "B-PER": {
            "precision": 0.28677390595352703,
            "recall": 0.10099687225551977,
            "f1-score": 0.1466537938646616,
            "support": 64903.0
        },
        "I-LOC": {
            "precision": 0.4400115700330803,
            "recall": 0.017699115044247787,
            "f1-score": 0.03396285796580763,
            "support": 15029.0
        },
        "I-MISC": {
            "precision": 0.664112736726356,
            "recall": 0.004322827044949008,
            "f1-score": 0.008572104339008846,
            "support": 23827.0
        },
        "I-ORG": {
            "precision": 0.11453091602579576,
            "recall": 0.009168704156479218,
            "f1-score": 0.016742871605850675,
            "support": 31084.0
        },
        "I-PER": {
            "precision": 0.16699446802763057,
            "recall": 0.003212413249689366,
            "f1-score": 0.006229436425410953,
            "support": 32997.0
        },
        "O": {
            "precision": 0.8391514403281688,
            "recall": 0.9973502371341304,
            "f1-score": 0.9114345897013892,
            "support": 1628825.0
        }
    },
    "training_duration_seconds": 97.07967948913574,
    "average_epochs": 1,
    "labels": [
        "B-LOC",
        "B-MISC",
        "B-ORG",
        "B-PER",
        "I-LOC",
        "I-MISC",
        "I-ORG",
        "I-PER",
        "O"
    ]
}