{
    "average_accuracy": 0.8095355653336522,
    "classification_report": {
        "B-LOC": {
            "precision": 0.4236159001768878,
            "recall": 0.30263756702744415,
            "f1-score": 0.35299142250437676,
            "support": 50539.0
        },
        "B-MISC": {
            "precision": 0.1597989126874959,
            "recall": 0.0004585052728106373,
            "f1-score": 0.0009142795881708774,
            "support": 10905.0
        },
        "B-ORG": {
            "precision": 0.5251907716878674,
            "recall": 0.17632891794254257,
            "f1-score": 0.26339877142922097,
            "support": 17439.0
        },
        "B-PER": {
            "precision": 0.31239640059770646,
            "recall": 0.2940058008378988,
            "f1-score": 0.30276751691894177,
            "support": 31030.0
        },
        "I-LOC": {
            "precision": 0.7405298633099624,
            "recall": 0.06417812704649639,
            "f1-score": 0.1177152871607748,
            "support": 4581.0
        },
        "I-MISC": {
            "precision": 0.4314755148611258,
            "recall": 0.022149225715626466,
            "f1-score": 0.04205342768588672,
            "support": 10655.0
        },
        "I-ORG": {
            "precision": 0.6664380020392776,
            "recall": 0.12107833928235957,
            "f1-score": 0.20462482054113834,
            "support": 10646.0
        },
        "I-PER": {
            "precision": 0.5729895282930336,
            "recall": 0.06967489545393228,
            "f1-score": 0.12346357281167074,
            "support": 14826.0
        },
        "O": {
            "precision": 0.8615057132185472,
            "recall": 0.983753973523162,
            "f1-score": 0.9185788519321527,
            "support": 525667.0
        }
    },
    "training_duration_seconds": 50.43190908432007,
    "average_epochs": 19,
    "labels": [
        "B-LOC",
        "B-MISC",
        "B-ORG",
        "B-PER",
        "I-LOC",
        "I-MISC",
        "I-ORG",
        "I-PER",
        "O"
    ]
}