{
    "average_accuracy": 0.8247210827930229,
    "classification_report": {
        "B-LOC": {
            "precision": 0.3291959432842957,
            "recall": 0.07685690133680438,
            "f1-score": 0.12351007253238667,
            "support": 133677.0
        },
        "B-MISC": {
            "precision": 0.6028318869394664,
            "recall": 0.000470189956742524,
            "f1-score": 0.0009396016362426182,
            "support": 21268.0
        },
        "B-ORG": {
            "precision": 0.2406104324859749,
            "recall": 0.030226569206357464,
            "f1-score": 0.04541261376576171,
            "support": 38443.0
        },
        "B-PER": {
            "precision": 0.31763636814636603,
            "recall": 0.07035113939263209,
            "f1-score": 0.1148574227348718,
            "support": 64903.0
        },
        "I-LOC": {
            "precision": 0.44715713368848864,
            "recall": 0.017632577017765654,
            "f1-score": 0.033854835257705065,
            "support": 15029.0
        },
        "I-MISC": {
            "precision": 0.5918656239653428,
            "recall": 0.004448734628782473,
            "f1-score": 0.008824785840557948,
            "support": 23827.0
        },
        "I-ORG": {
            "precision": 0.10519051394556271,
            "recall": 0.006723716381418093,
            "f1-score": 0.012284278949283207,
            "support": 31084.0
        },
        "I-PER": {
            "precision": 0.3729975358196501,
            "recall": 0.0003030578537442798,
            "f1-score": 0.0006052467682402589,
            "support": 32997.0
        },
        "O": {
            "precision": 0.8390706450345091,
            "recall": 0.9974312771476371,
            "f1-score": 0.91142275194529,
            "support": 1628825.0
        }
    },
    "training_duration_seconds": 28.49239420890808,
    "average_epochs": 1,
    "labels": [
        "B-LOC",
        "B-MISC",
        "B-ORG",
        "B-PER",
        "I-LOC",
        "I-MISC",
        "I-ORG",
        "I-PER",
        "O"
    ]
}