{
    "average_accuracy": 0.8242431858853865,
    "classification_report": {
        "B-LOC": {
            "precision": 0.4366856261133786,
            "recall": 0.23522165117129604,
            "f1-score": 0.3007095352327586,
            "support": 103902.0
        },
        "B-MISC": {
            "precision": 0.2485238010471906,
            "recall": 0.013136859664975326,
            "f1-score": 0.024524238761624288,
            "support": 14387.0
        },
        "B-ORG": {
            "precision": 0.4838255254293155,
            "recall": 0.061421898561918424,
            "f1-score": 0.1078345743169665,
            "support": 27189.0
        },
        "B-PER": {
            "precision": 0.3838518486473287,
            "recall": 0.21624853404465702,
            "f1-score": 0.27528388251216285,
            "support": 43487.0
        },
        "I-LOC": {
            "precision": 0.6296986042294133,
            "recall": 0.028900187316028902,
            "f1-score": 0.05505518770841,
            "support": 11211.0
        },
        "I-MISC": {
            "precision": 0.33265721257606706,
            "recall": 0.004508036064288515,
            "f1-score": 0.008816350073961126,
            "support": 15306.0
        },
        "I-ORG": {
            "precision": 0.5151249957194939,
            "recall": 0.0627529483441403,
            "f1-score": 0.10798197168021798,
            "support": 22979.0
        },
        "I-PER": {
            "precision": 0.34108242088610696,
            "recall": 0.0685576077396658,
            "f1-score": 0.11129225023278051,
            "support": 22740.0
        },
        "O": {
            "precision": 0.8551289829066071,
            "recall": 0.9850501658507207,
            "f1-score": 0.9154717280172162,
            "support": 1095865.0
        }
    },
    "training_duration_seconds": 65.39638066291809,
    "average_epochs": 1,
    "labels": [
        "B-LOC",
        "B-MISC",
        "B-ORG",
        "B-PER",
        "I-LOC",
        "I-MISC",
        "I-ORG",
        "I-PER",
        "O"
    ]
}