{
    "average_accuracy": 0.8087684984637787,
    "classification_report": {
        "B-LOC": {
            "precision": 0.32107298213590363,
            "recall": 0.111648846370287,
            "f1-score": 0.1647575444939665,
            "support": 71080.0
        },
        "B-MISC": {
            "precision": 0.18646199687023107,
            "recall": 0.007015534397594674,
            "f1-score": 0.013427814326365991,
            "support": 13969.0
        },
        "B-ORG": {
            "precision": 0.4667649992035489,
            "recall": 0.13992108572171877,
            "f1-score": 0.21491466502887024,
            "support": 23063.0
        },
        "B-PER": {
            "precision": 0.3035958705947813,
            "recall": 0.18407125643812314,
            "f1-score": 0.22726045148658144,
            "support": 42326.0
        },
        "I-LOC": {
            "precision": 0.6339458096197296,
            "recall": 0.0333879299483432,
            "f1-score": 0.062044600385648865,
            "support": 7937.0
        },
        "I-MISC": {
            "precision": 0.09432418963761376,
            "recall": 0.001961712778191165,
            "f1-score": 0.003843490344112112,
            "support": 14783.0
        },
        "I-ORG": {
            "precision": 0.18508207104269295,
            "recall": 0.04240710823909531,
            "f1-score": 0.06721306287682435,
            "support": 17332.0
        },
        "I-PER": {
            "precision": 0.25000666292032403,
            "recall": 0.02719192889742974,
            "f1-score": 0.0481435163685543,
            "support": 20815.0
        },
        "O": {
            "precision": 0.8408404844880747,
            "recall": 0.9909093113188105,
            "f1-score": 0.9097265442451465,
            "support": 824910.0
        }
    },
    "training_duration_seconds": 16.61916494369507,
    "average_epochs": 1,
    "labels": [
        "B-LOC",
        "B-MISC",
        "B-ORG",
        "B-PER",
        "I-LOC",
        "I-MISC",
        "I-ORG",
        "I-PER",
        "O"
    ]
}