{
    "average_accuracy": 0.8258780073981677,
    "classification_report": {
        "B-LOC": {
            "precision": 0.4521812737073604,
            "recall": 0.2288983850166503,
            "f1-score": 0.30390197530806656,
            "support": 103902.0
        },
        "B-MISC": {
            "precision": 0.2611007106898908,
            "recall": 0.0046569819976367555,
            "f1-score": 0.009144567326358287,
            "support": 14387.0
        },
        "B-ORG": {
            "precision": 0.5480435250810444,
            "recall": 0.05101327742837177,
            "f1-score": 0.09333446594871188,
            "support": 27189.0
        },
        "B-PER": {
            "precision": 0.37693409292552527,
            "recall": 0.21038471267275277,
            "f1-score": 0.2699037119476393,
            "support": 43487.0
        },
        "I-LOC": {
            "precision": 0.7318721931144104,
            "recall": 0.021675140487021675,
            "f1-score": 0.04209963318331109,
            "support": 11211.0
        },
        "I-MISC": {
            "precision": 0.5536498250930288,
            "recall": 0.0027440219521756176,
            "f1-score": 0.005460103621259193,
            "support": 15306.0
        },
        "I-ORG": {
            "precision": 0.589889336305595,
            "recall": 0.043387440706732235,
            "f1-score": 0.08060494746443812,
            "support": 22979.0
        },
        "I-PER": {
            "precision": 0.42453671865119247,
            "recall": 0.02660510114335972,
            "f1-score": 0.050056368952193314,
            "support": 22740.0
        },
        "O": {
            "precision": 0.8513712128328439,
            "recall": 0.9896319345904833,
            "f1-score": 0.9153092518412954,
            "support": 1095865.0
        }
    },
    "training_duration_seconds": 176.28631234169006,
    "average_epochs": 36,
    "labels": [
        "B-LOC",
        "B-MISC",
        "B-ORG",
        "B-PER",
        "I-LOC",
        "I-MISC",
        "I-ORG",
        "I-PER",
        "O"
    ]
}