{
    "average_accuracy": 0.8635144196054331,
    "classification_report": {
        "B-LOC": {
            "precision": 0.6143023403150789,
            "recall": 0.6004159957058508,
            "f1-score": 0.6066883740523171,
            "support": 74520.0
        },
        "B-MISC": {
            "precision": 0.28590932971957994,
            "recall": 0.06246317030053035,
            "f1-score": 0.1017100039743767,
            "support": 8485.0
        },
        "B-ORG": {
            "precision": 0.33354866514220705,
            "recall": 0.09801950931126219,
            "f1-score": 0.15061450830346387,
            "support": 16915.0
        },
        "B-PER": {
            "precision": 0.4753783071960326,
            "recall": 0.46987644886001784,
            "f1-score": 0.4712779983426892,
            "support": 23553.0
        },
        "I-LOC": {
            "precision": 0.5529328980247499,
            "recall": 0.21095817893065114,
            "f1-score": 0.304758020515935,
            "support": 7556.0
        },
        "I-MISC": {
            "precision": 0.37536824276194625,
            "recall": 0.009568826377680424,
            "f1-score": 0.018637623914428053,
            "support": 8674.0
        },
        "I-ORG": {
            "precision": 0.6453019766126405,
            "recall": 0.22820037105751392,
            "f1-score": 0.3221658812628348,
            "support": 15631.0
        },
        "I-PER": {
            "precision": 0.48874641167536553,
            "recall": 0.1775197970323672,
            "f1-score": 0.25937556092218556,
            "support": 13007.0
        },
        "O": {
            "precision": 0.9102036806784811,
            "recall": 0.9758483003030222,
            "f1-score": 0.9418804843546593,
            "support": 710509.0
        }
    },
    "training_duration_seconds": 13.707854747772217,
    "average_epochs": 1,
    "labels": [
        "B-LOC",
        "B-MISC",
        "B-ORG",
        "B-PER",
        "I-LOC",
        "I-MISC",
        "I-ORG",
        "I-PER",
        "O"
    ]
}