{
    "average_accuracy": 0.8719833856316288,
    "classification_report": {
        "B-LOC": {
            "precision": 0.5951837144602142,
            "recall": 0.5405501964987496,
            "f1-score": 0.5624309088831729,
            "support": 25191.0
        },
        "B-MISC": {
            "precision": 0.2487936618761991,
            "recall": 0.09548127514701331,
            "f1-score": 0.1348785191100456,
            "support": 6462.0
        },
        "B-ORG": {
            "precision": 0.46460894242791945,
            "recall": 0.36491578014184395,
            "f1-score": 0.40323902765724967,
            "support": 9024.0
        },
        "B-PER": {
            "precision": 0.44762695232602784,
            "recall": 0.580886097436768,
            "f1-score": 0.49878709701330426,
            "support": 17673.0
        },
        "I-LOC": {
            "precision": 0.6455987953121526,
            "recall": 0.18041237113402062,
            "f1-score": 0.2764250481307175,
            "support": 2716.0
        },
        "I-MISC": {
            "precision": 0.4326882443449745,
            "recall": 0.13994439295644115,
            "f1-score": 0.20518604548150743,
            "support": 6474.0
        },
        "I-ORG": {
            "precision": 0.6036142205693824,
            "recall": 0.25623735670937287,
            "f1-score": 0.35173063680208966,
            "support": 5932.0
        },
        "I-PER": {
            "precision": 0.5338628803607516,
            "recall": 0.17568327522213475,
            "f1-score": 0.2443867909696731,
            "support": 8891.0
        },
        "O": {
            "precision": 0.937164070414064,
            "recall": 0.9811091184991033,
            "f1-score": 0.9586174335361494,
            "support": 362450.0
        }
    },
    "training_duration_seconds": 21.865093231201172,
    "average_epochs": 1,
    "labels": [
        "B-LOC",
        "B-MISC",
        "B-ORG",
        "B-PER",
        "I-LOC",
        "I-MISC",
        "I-ORG",
        "I-PER",
        "O"
    ]
}