{
    "average_accuracy": 0.8098995423347608,
    "classification_report": {
        "B-LOC": {
            "precision": 0.3170975156341913,
            "recall": 0.16536297129994373,
            "f1-score": 0.21580202012563673,
            "support": 71080.0
        },
        "B-MISC": {
            "precision": 0.24663787252347624,
            "recall": 0.005726966855179326,
            "f1-score": 0.011179200190798898,
            "support": 13969.0
        },
        "B-ORG": {
            "precision": 0.4699539653927321,
            "recall": 0.14135194900923556,
            "f1-score": 0.21504988904734365,
            "support": 23063.0
        },
        "B-PER": {
            "precision": 0.33068070891200835,
            "recall": 0.1405755327694561,
            "f1-score": 0.1954964561496913,
            "support": 42326.0
        },
        "I-LOC": {
            "precision": 0.5317610694128303,
            "recall": 0.04497921128890009,
            "f1-score": 0.08078129857147161,
            "support": 7937.0
        },
        "I-MISC": {
            "precision": 0.13537226343507494,
            "recall": 0.0028411012649665157,
            "f1-score": 0.00556156509033325,
            "support": 14783.0
        },
        "I-ORG": {
            "precision": 0.23257597591654694,
            "recall": 0.02596353565658897,
            "f1-score": 0.04543540303480382,
            "support": 17332.0
        },
        "I-PER": {
            "precision": 0.3773918557447699,
            "recall": 0.014220514052366082,
            "f1-score": 0.02597487076268122,
            "support": 20815.0
        },
        "O": {
            "precision": 0.8425662696585716,
            "recall": 0.9904874471154429,
            "f1-score": 0.9105479217157554,
            "support": 824910.0
        }
    },
    "training_duration_seconds": 50.346848011016846,
    "average_epochs": 1,
    "labels": [
        "B-LOC",
        "B-MISC",
        "B-ORG",
        "B-PER",
        "I-LOC",
        "I-MISC",
        "I-ORG",
        "I-PER",
        "O"
    ]
}