{
    "average_accuracy": 0.861559400622608,
    "classification_report": {
        "B-LOC": {
            "precision": 0.6231071304006067,
            "recall": 0.5601315083199141,
            "f1-score": 0.5843531689529177,
            "support": 74520.0
        },
        "B-MISC": {
            "precision": 0.29515194823233876,
            "recall": 0.059988214496169714,
            "f1-score": 0.09903554744282943,
            "support": 8485.0
        },
        "B-ORG": {
            "precision": 0.36670259875951783,
            "recall": 0.08199822642624889,
            "f1-score": 0.1303534636430488,
            "support": 16915.0
        },
        "B-PER": {
            "precision": 0.4817493927009332,
            "recall": 0.45641744151488134,
            "f1-score": 0.4682952711960959,
            "support": 23553.0
        },
        "I-LOC": {
            "precision": 0.5463214364474712,
            "recall": 0.17866596082583378,
            "f1-score": 0.2658239568046734,
            "support": 7556.0
        },
        "I-MISC": {
            "precision": 0.4210370463500618,
            "recall": 0.015102605487664284,
            "f1-score": 0.029090094155288973,
            "support": 8674.0
        },
        "I-ORG": {
            "precision": 0.6127443965240569,
            "recall": 0.250655748192694,
            "f1-score": 0.35375003842817704,
            "support": 15631.0
        },
        "I-PER": {
            "precision": 0.4472505052468471,
            "recall": 0.19850849542554008,
            "f1-score": 0.27297315646336745,
            "support": 13007.0
        },
        "O": {
            "precision": 0.9043976713985344,
            "recall": 0.9779158321710211,
            "f1-score": 0.939650227414532,
            "support": 710509.0
        }
    },
    "training_duration_seconds": 41.2334463596344,
    "average_epochs": 1,
    "labels": [
        "B-LOC",
        "B-MISC",
        "B-ORG",
        "B-PER",
        "I-LOC",
        "I-MISC",
        "I-ORG",
        "I-PER",
        "O"
    ]
}