{
    "average_accuracy": 0.9057875606898614,
    "classification_report": {
        "B-LOC": {
            "precision": 0.7349296502976425,
            "recall": 0.4404298186702485,
            "f1-score": 0.5505390623996032,
            "support": 14890.0
        },
        "B-MISC": {
            "precision": 0.4264705169309145,
            "recall": 0.051685393258426963,
            "f1-score": 0.09218701110700714,
            "support": 3560.0
        },
        "B-ORG": {
            "precision": 0.5798022660093998,
            "recall": 0.2953616491913986,
            "f1-score": 0.3913342315119794,
            "support": 5627.0
        },
        "B-PER": {
            "precision": 0.6401844313606626,
            "recall": 0.5663865546218487,
            "f1-score": 0.6008172028033489,
            "support": 10710.0
        },
        "I-LOC": {
            "precision": 0.7631727170966801,
            "recall": 0.21648408972352634,
            "f1-score": 0.33707101737605,
            "support": 1917.0
        },
        "I-MISC": {
            "precision": 0.5245922760285515,
            "recall": 0.23090468853180718,
            "f1-score": 0.32053790101791557,
            "support": 4543.0
        },
        "I-ORG": {
            "precision": 0.6325363640982039,
            "recall": 0.25768379641013034,
            "f1-score": 0.36599172160288856,
            "support": 4067.0
        },
        "I-PER": {
            "precision": 0.697178076614433,
            "recall": 0.20633378667184768,
            "f1-score": 0.31804558575027764,
            "support": 5147.0
        },
        "O": {
            "precision": 0.9263960622745766,
            "recall": 0.9958864222621746,
            "f1-score": 0.959884164726482,
            "support": 307032.0
        }
    },
    "training_duration_seconds": 39.52051329612732,
    "average_epochs": 26,
    "labels": [
        "B-LOC",
        "B-MISC",
        "B-ORG",
        "B-PER",
        "I-LOC",
        "I-MISC",
        "I-ORG",
        "I-PER",
        "O"
    ]
}