{
    "average_accuracy": 0.8446331308698687,
    "classification_report": {
        "B-LOC": {
            "precision": 0.5405925317261595,
            "recall": 0.4414872710530158,
            "f1-score": 0.48596772155984763,
            "support": 89049.0
        },
        "B-MISC": {
            "precision": 0.25406952309478226,
            "recall": 0.02054063667081629,
            "f1-score": 0.03800591365897436,
            "support": 11246.0
        },
        "B-ORG": {
            "precision": 0.33551795777726656,
            "recall": 0.03766746191961828,
            "f1-score": 0.06769164136505453,
            "support": 21796.0
        },
        "B-PER": {
            "precision": 0.45794029445825807,
            "recall": 0.39695971470881564,
            "f1-score": 0.42466011976997897,
            "support": 33089.0
        },
        "I-LOC": {
            "precision": 0.6673336245152843,
            "recall": 0.06050240513094602,
            "f1-score": 0.11094400344576821,
            "support": 9355.0
        },
        "I-MISC": {
            "precision": 0.42037176642863316,
            "recall": 0.012106743967942707,
            "f1-score": 0.023448218156575495,
            "support": 11729.0
        },
        "I-ORG": {
            "precision": 0.4597533899031944,
            "recall": 0.07636287973366625,
            "f1-score": 0.1308820572897402,
            "support": 19224.0
        },
        "I-PER": {
            "precision": 0.4947938838326355,
            "recall": 0.12058773855767607,
            "f1-score": 0.19381491518325772,
            "support": 17763.0
        },
        "O": {
            "precision": 0.8829344409659389,
            "recall": 0.9811822974702059,
            "f1-score": 0.9294687928656481,
            "support": 895646.0
        }
    },
    "training_duration_seconds": 145.94212341308594,
    "average_epochs": 36,
    "labels": [
        "B-LOC",
        "B-MISC",
        "B-ORG",
        "B-PER",
        "I-LOC",
        "I-MISC",
        "I-ORG",
        "I-PER",
        "O"
    ]
}