{
    "average_accuracy": 0.8382408496582695,
    "classification_report": {
        "B-LOC": {
            "precision": 0.5392637210301865,
            "recall": 0.40973804863661956,
            "f1-score": 0.46354348784667065,
            "support": 37297.0
        },
        "B-MISC": {
            "precision": 0.23986478637556793,
            "recall": 0.04672026098100897,
            "f1-score": 0.07404615284204098,
            "support": 8583.0
        },
        "B-ORG": {
            "precision": 0.48573472615269037,
            "recall": 0.22607511812284775,
            "f1-score": 0.30790286332090727,
            "support": 12487.0
        },
        "B-PER": {
            "precision": 0.36002070478187514,
            "recall": 0.4225039484355658,
            "f1-score": 0.38700492533977926,
            "support": 23427.0
        },
        "I-LOC": {
            "precision": 0.6430440257761375,
            "recall": 0.08879551820728292,
            "f1-score": 0.15243083846776564,
            "support": 3570.0
        },
        "I-MISC": {
            "precision": 0.42852891842155383,
            "recall": 0.07079751671442217,
            "f1-score": 0.11911610332057083,
            "support": 8376.0
        },
        "I-ORG": {
            "precision": 0.6245165155900798,
            "recall": 0.20566631689401887,
            "f1-score": 0.30825163114841236,
            "support": 7624.0
        },
        "I-PER": {
            "precision": 0.5127603428995977,
            "recall": 0.12693739717724478,
            "f1-score": 0.1967417770096159,
            "support": 11549.0
        },
        "O": {
            "precision": 0.8966438178523651,
            "recall": 0.9835494786625965,
            "f1-score": 0.9380607109229661,
            "support": 428801.0
        }
    },
    "training_duration_seconds": 26.344059705734253,
    "average_epochs": 1,
    "labels": [
        "B-LOC",
        "B-MISC",
        "B-ORG",
        "B-PER",
        "I-LOC",
        "I-MISC",
        "I-ORG",
        "I-PER",
        "O"
    ]
}