{
    "average_accuracy": 0.8611785967550687,
    "classification_report": {
        "B-LOC": {
            "precision": 0.6065053399696135,
            "recall": 0.585426731078905,
            "f1-score": 0.5957202466026346,
            "support": 74520.0
        },
        "B-MISC": {
            "precision": 0.3520674155406642,
            "recall": 0.03700648202710666,
            "f1-score": 0.0666747920327661,
            "support": 8485.0
        },
        "B-ORG": {
            "precision": 0.3535450234184842,
            "recall": 0.04735441915459651,
            "f1-score": 0.08275585606767547,
            "support": 16915.0
        },
        "B-PER": {
            "precision": 0.4904716812265683,
            "recall": 0.3976988069460366,
            "f1-score": 0.43875652628874773,
            "support": 23553.0
        },
        "I-LOC": {
            "precision": 0.4797851462979894,
            "recall": 0.11302276336686078,
            "f1-score": 0.18197001498442067,
            "support": 7556.0
        },
        "I-MISC": {
            "precision": 0.3675249369013133,
            "recall": 0.007263085081853816,
            "f1-score": 0.014243779792167167,
            "support": 8674.0
        },
        "I-ORG": {
            "precision": 0.6278300321202634,
            "recall": 0.1736933017721195,
            "f1-score": 0.2717940946869233,
            "support": 15631.0
        },
        "I-PER": {
            "precision": 0.5673310714765356,
            "recall": 0.13800261397708927,
            "f1-score": 0.22192489837658996,
            "support": 13007.0
        },
        "O": {
            "precision": 0.8995062910697206,
            "recall": 0.9814245843472778,
            "f1-score": 0.9386813842159464,
            "support": 710509.0
        }
    },
    "training_duration_seconds": 126.71061992645264,
    "average_epochs": 39,
    "labels": [
        "B-LOC",
        "B-MISC",
        "B-ORG",
        "B-PER",
        "I-LOC",
        "I-MISC",
        "I-ORG",
        "I-PER",
        "O"
    ]
}