{
    "average_accuracy": 0.8209965336098238,
    "classification_report": {
        "B-LOC": {
            "precision": 0.39020280409203895,
            "recall": 0.0953050417975031,
            "f1-score": 0.15317546748761868,
            "support": 118787.0
        },
        "B-MISC": {
            "precision": 0.11567765257481771,
            "recall": 0.00141179128077705,
            "f1-score": 0.0027892719209651157,
            "support": 17708.0
        },
        "B-ORG": {
            "precision": 0.5769886415828611,
            "recall": 0.07883349585568016,
            "f1-score": 0.13871390053257798,
            "support": 32816.0
        },
        "B-PER": {
            "precision": 0.3356227859927562,
            "recall": 0.16470761906519293,
            "f1-score": 0.220905760437981,
            "support": 54193.0
        },
        "I-LOC": {
            "precision": 0.7085006184379833,
            "recall": 0.018532641854789506,
            "f1-score": 0.036118461619462514,
            "support": 13112.0
        },
        "I-MISC": {
            "precision": 0.19372337074680987,
            "recall": 0.001503837378137316,
            "f1-score": 0.002984298189639256,
            "support": 19284.0
        },
        "I-ORG": {
            "precision": 0.6681463399263697,
            "recall": 0.02094977236554762,
            "f1-score": 0.040625541141242665,
            "support": 27017.0
        },
        "I-PER": {
            "precision": 0.37162705859381867,
            "recall": 0.009228007181328546,
            "f1-score": 0.017936686286762895,
            "support": 27850.0
        },
        "O": {
            "precision": 0.8383676469152953,
            "recall": 0.9959017788715783,
            "f1-score": 0.910369373132008,
            "support": 1321793.0
        }
    },
    "training_duration_seconds": 145.55029606819153,
    "average_epochs": 25,
    "labels": [
        "B-LOC",
        "B-MISC",
        "B-ORG",
        "B-PER",
        "I-LOC",
        "I-MISC",
        "I-ORG",
        "I-PER",
        "O"
    ]
}