{
    "average_accuracy": 0.9085841797880571,
    "classification_report": {
        "B-LOC": {
            "precision": 0.7620320410984969,
            "recall": 0.4758898589657488,
            "f1-score": 0.5858525484556976,
            "support": 14890.0
        },
        "B-MISC": {
            "precision": 0.35452474714370014,
            "recall": 0.08398876404494382,
            "f1-score": 0.1356956736468182,
            "support": 3560.0
        },
        "B-ORG": {
            "precision": 0.569026404567585,
            "recall": 0.3134885374089213,
            "f1-score": 0.4040699202283415,
            "support": 5627.0
        },
        "B-PER": {
            "precision": 0.6408264726090183,
            "recall": 0.6024276377217553,
            "f1-score": 0.6207440176994903,
            "support": 10710.0
        },
        "I-LOC": {
            "precision": 0.7360288867431011,
            "recall": 0.21648408972352634,
            "f1-score": 0.33446699711114414,
            "support": 1917.0
        },
        "I-MISC": {
            "precision": 0.48445427964449417,
            "recall": 0.24587277129650012,
            "f1-score": 0.3260279167029265,
            "support": 4543.0
        },
        "I-ORG": {
            "precision": 0.6164581970159445,
            "recall": 0.3287435456110155,
            "f1-score": 0.42836564754974304,
            "support": 4067.0
        },
        "I-PER": {
            "precision": 0.6838666275100007,
            "recall": 0.21313386438702156,
            "f1-score": 0.3245452193240985,
            "support": 5147.0
        },
        "O": {
            "precision": 0.9319865270734478,
            "recall": 0.9941797597644545,
            "f1-score": 0.9620789023536697,
            "support": 307032.0
        }
    },
    "training_duration_seconds": 5.609388113021851,
    "average_epochs": 1,
    "labels": [
        "B-LOC",
        "B-MISC",
        "B-ORG",
        "B-PER",
        "I-LOC",
        "I-MISC",
        "I-ORG",
        "I-PER",
        "O"
    ]
}