{
    "average_accuracy": 0.8718763091361902,
    "classification_report": {
        "B-LOC": {
            "precision": 0.5586682604162742,
            "recall": 0.5694494065340796,
            "f1-score": 0.5603232357395433,
            "support": 25191.0
        },
        "B-MISC": {
            "precision": 0.24569970696105678,
            "recall": 0.09873104302073661,
            "f1-score": 0.1363043961644658,
            "support": 6462.0
        },
        "B-ORG": {
            "precision": 0.5144882819912708,
            "recall": 0.3313386524822695,
            "f1-score": 0.39652457218960346,
            "support": 9024.0
        },
        "B-PER": {
            "precision": 0.46350991565643346,
            "recall": 0.5304702087930742,
            "f1-score": 0.4946855268159651,
            "support": 17673.0
        },
        "I-LOC": {
            "precision": 0.6437064276392093,
            "recall": 0.19035346097201766,
            "f1-score": 0.2875438636990366,
            "support": 2716.0
        },
        "I-MISC": {
            "precision": 0.3919507853496529,
            "recall": 0.1692925548347235,
            "f1-score": 0.23366045075439107,
            "support": 6474.0
        },
        "I-ORG": {
            "precision": 0.6007989975234534,
            "recall": 0.25944032366824005,
            "f1-score": 0.3579260582451873,
            "support": 5932.0
        },
        "I-PER": {
            "precision": 0.38013497108232847,
            "recall": 0.24046788887639187,
            "f1-score": 0.2937434314211316,
            "support": 8891.0
        },
        "O": {
            "precision": 0.939572470145567,
            "recall": 0.9799503379776521,
            "f1-score": 0.9593111574336627,
            "support": 362450.0
        }
    },
    "training_duration_seconds": 6.759016752243042,
    "average_epochs": 1,
    "labels": [
        "B-LOC",
        "B-MISC",
        "B-ORG",
        "B-PER",
        "I-LOC",
        "I-MISC",
        "I-ORG",
        "I-PER",
        "O"
    ]
}