{
    "average_accuracy": 0.8719053758480698,
    "classification_report": {
        "B-LOC": {
            "precision": 0.5837563151476532,
            "recall": 0.5168512564010956,
            "f1-score": 0.5482300991550073,
            "support": 25191.0
        },
        "B-MISC": {
            "precision": 0.260497860019478,
            "recall": 0.050603528319405754,
            "f1-score": 0.08452660656274663,
            "support": 6462.0
        },
        "B-ORG": {
            "precision": 0.5418232282344532,
            "recall": 0.3125,
            "f1-score": 0.39635707023472905,
            "support": 9024.0
        },
        "B-PER": {
            "precision": 0.4557940492197752,
            "recall": 0.5783398404345612,
            "f1-score": 0.5095252313678031,
            "support": 17673.0
        },
        "I-LOC": {
            "precision": 0.6089642888611961,
            "recall": 0.044182621502209134,
            "f1-score": 0.08237154797226391,
            "support": 2716.0
        },
        "I-MISC": {
            "precision": 0.39225699861455676,
            "recall": 0.1524559777571826,
            "f1-score": 0.21925601587127566,
            "support": 6474.0
        },
        "I-ORG": {
            "precision": 0.6794935784954194,
            "recall": 0.2294335805799056,
            "f1-score": 0.342880282337139,
            "support": 5932.0
        },
        "I-PER": {
            "precision": 0.5885611241142845,
            "recall": 0.14419075469575976,
            "f1-score": 0.22857545800710963,
            "support": 8891.0
        },
        "O": {
            "precision": 0.9252197434495473,
            "recall": 0.9868864670989101,
            "f1-score": 0.9550575807339918,
            "support": 362450.0
        }
    },
    "training_duration_seconds": 56.211480140686035,
    "average_epochs": 32,
    "labels": [
        "B-LOC",
        "B-MISC",
        "B-ORG",
        "B-PER",
        "I-LOC",
        "I-MISC",
        "I-ORG",
        "I-PER",
        "O"
    ]
}