{
    "average_accuracy": 0.9008892105420218,
    "average_sentence_accuracy": 0.2737308877400248,
    "classification_report": {
        "B-DATE": {
            "precision": 0.8571203626740989,
            "recall": 0.8100389441800087,
            "f1-score": 0.832570036005274,
            "support": 2311.0
        },
        "B-LOC": {
            "precision": 0.7183092201870779,
            "recall": 0.6517830828175656,
            "f1-score": 0.6831084381502871,
            "support": 6786.0
        },
        "B-ORG": {
            "precision": 0.6599163083311631,
            "recall": 0.5924953095684803,
            "f1-score": 0.6235561173142593,
            "support": 2665.0
        },
        "B-PER": {
            "precision": 0.6420664571484304,
            "recall": 0.6021445738583842,
            "f1-score": 0.6209455458585034,
            "support": 5409.0
        },
        "I-DATE": {
            "precision": 0.5845534165353922,
            "recall": 0.42916666666666664,
            "f1-score": 0.48740957753381353,
            "support": 720.0
        },
        "I-LOC": {
            "precision": 0.6646276707946949,
            "recall": 0.5983072916666666,
            "f1-score": 0.6294969648256952,
            "support": 1536.0
        },
        "I-ORG": {
            "precision": 0.512744930457193,
            "recall": 0.4315037929495761,
            "f1-score": 0.46607419493837804,
            "support": 2241.0
        },
        "I-PER": {
            "precision": 0.5838159215283559,
            "recall": 0.547683923705722,
            "f1-score": 0.560962816625184,
            "support": 3303.0
        },
        "O": {
            "precision": 0.9496257861924835,
            "recall": 0.9684704542532283,
            "f1-score": 0.9589551028241283,
            "support": 108882.0
        }
    },
    "training_duration_seconds": 42.63095808029175,
    "average_epochs": 200,
    "labels": [
        "B-DATE",
        "B-LOC",
        "B-ORG",
        "B-PER",
        "I-DATE",
        "I-LOC",
        "I-ORG",
        "I-PER",
        "O"
    ]
}