{
    "average_accuracy": 0.8284245941893764,
    "average_sentence_accuracy": 0.05979987293519695,
    "classification_report": {
        "B-DATE": {
            "precision": 0.42203934023824624,
            "recall": 0.17971887550200802,
            "f1-score": 0.2505528514947906,
            "support": 2988.0
        },
        "B-LOC": {
            "precision": 0.43381021746518683,
            "recall": 0.17790708766574453,
            "f1-score": 0.25205758950313506,
            "support": 10483.0
        },
        "B-ORG": {
            "precision": 0.1924356707312614,
            "recall": 0.04647006255585344,
            "f1-score": 0.07468065521422909,
            "support": 2238.0
        },
        "B-PER": {
            "precision": 0.38559036009920383,
            "recall": 0.2469219092595716,
            "f1-score": 0.300580913796374,
            "support": 5929.0
        },
        "I-DATE": {
            "precision": 0.12636893203883495,
            "recall": 0.015533980582524271,
            "f1-score": 0.027452890889452488,
            "support": 515.0
        },
        "I-LOC": {
            "precision": 0.28445120303766996,
            "recall": 0.0929936305732484,
            "f1-score": 0.1368087161587073,
            "support": 1570.0
        },
        "I-ORG": {
            "precision": 0.16028325967759433,
            "recall": 0.05656795747911921,
            "f1-score": 0.08256436033384126,
            "support": 2634.0
        },
        "I-PER": {
            "precision": 0.31500806676722876,
            "recall": 0.13884741713944462,
            "f1-score": 0.19183563688963623,
            "support": 3349.0
        },
        "O": {
            "precision": 0.8658904014297726,
            "recall": 0.9661483932601381,
            "f1-score": 0.9132646900877137,
            "support": 144454.0
        }
    },
    "training_duration_seconds": 61.773422956466675,
    "average_epochs": 200,
    "labels": [
        "B-DATE",
        "B-LOC",
        "B-ORG",
        "B-PER",
        "I-DATE",
        "I-LOC",
        "I-ORG",
        "I-PER",
        "O"
    ]
}