{
    "average_accuracy": 0.8383209261158536,
    "average_sentence_accuracy": 0.01313649605064486,
    "classification_report": {
        "B-DATE": {
            "precision": 0.45002595917236227,
            "recall": 0.22574221578566256,
            "f1-score": 0.2992505771657686,
            "support": 5524.0
        },
        "B-LOC": {
            "precision": 0.2864422954258301,
            "recall": 0.12117112241584586,
            "f1-score": 0.16922229839732641,
            "support": 18478.0
        },
        "B-ORG": {
            "precision": 0.3855477864983841,
            "recall": 0.20616778089281862,
            "f1-score": 0.26815295005035644,
            "support": 4637.0
        },
        "B-PER": {
            "precision": 0.2701082189934294,
            "recall": 0.12866772402854876,
            "f1-score": 0.17362617526377253,
            "support": 10088.0
        },
        "I-DATE": {
            "precision": 0.4496717059419321,
            "recall": 0.12319790301441677,
            "f1-score": 0.1901772758718825,
            "support": 1526.0
        },
        "I-LOC": {
            "precision": 0.35207978728599953,
            "recall": 0.09813733666944677,
            "f1-score": 0.14959638868715422,
            "support": 3597.0
        },
        "I-ORG": {
            "precision": 0.13851652053583363,
            "recall": 0.07550910073887186,
            "f1-score": 0.0948096165357603,
            "support": 5549.0
        },
        "I-PER": {
            "precision": 0.19242014629156493,
            "recall": 0.038923675748857675,
            "f1-score": 0.06413834360815183,
            "support": 5909.0
        },
        "O": {
            "precision": 0.87854240655855,
            "recall": 0.973122213408463,
            "f1-score": 0.9234084685445108,
            "support": 292472.0
        }
    },
    "training_duration_seconds": 107.72899198532104,
    "average_epochs": 200,
    "labels": [
        "B-DATE",
        "B-LOC",
        "B-ORG",
        "B-PER",
        "I-DATE",
        "I-LOC",
        "I-ORG",
        "I-PER",
        "O"
    ]
}