Entity,Precision Change,Recall Change,F1 Change
B-LOC,-0.05216158338538063,-0.06751389240673994,-0.06241227479634559
B-MISC,0.0640607554032272,0.14737644131536337,0.18177987908944487
B-ORG,0.038520780413675515,0.148339990974939,0.18060792849725388
B-PER,0.0048596548164340225,-0.09586052166926462,-0.059911675880176485
I-LOC,-0.26334166850185453,0.13658435864359483,0.15394103893702388
I-MISC,-0.17300360733248268,0.09027647814835854,0.12079932641076024
I-ORG,-0.0027745387119806897,0.16195228745643164,0.18201760163572447
I-PER,-0.10881377091296685,0.04921638253110541,0.041888635788886935
O,-0.02058199265792282,-0.03556503581503212,-0.027402090252017453
