Entity,Precision Change,Recall Change,F1 Change
B-LOC,-0.324614493896721,-0.3910164280809891,-0.365684464999058
B-MISC,-0.2651723165260629,-0.0025684416812853314,-0.01740827914770949
B-ORG,-0.23695331014698356,0.0003335522021491247,-0.015131073877266782
B-PER,-0.212071632490769,-0.2471257265119155,-0.2434340163607277
I-LOC,-0.4360928676584733,-0.10085013334104005,-0.16300912520640284
I-MISC,-0.29759466875934015,0.016886671991595742,0.02131049564022101
I-ORG,-0.4162263613461389,-0.09835205022097608,-0.16076971056695455
I-PER,-0.40609425315194814,-0.08448564398200811,-0.14169116881746577
O,-0.07159427953784936,-0.044345175086825894,-0.059568599002845835
