Entity,Precision Change,Recall Change,F1 Change
B-LOC,0.2068378047362694,0.41239361209559966,0.3952571643215682
B-MISC,0.3204373626477176,0.24728936074090807,0.31356148925690147
B-ORG,-0.11892661720549352,0.18887128230131645,0.19907700465707845
B-PER,0.15412281031346964,0.24554831804845645,0.22554102399122872
I-LOC,-0.24059683162700635,0.24618669920683342,0.3012725102576589
I-MISC,0.12824038183782435,0.16386641775565236,0.21540240854934134
I-ORG,-0.059746348134017246,0.39345597216567346,0.45174099009088975
I-PER,0.09646719649982233,0.2474326750448833,0.31352126436873295
O,0.07126189593234578,-0.028608866895194707,0.02720241304434534
