Entity,Precision Change,Recall Change,F1 Change
B-LOC,0.3324986054648486,0.48687152496092123,0.41942364017213185
B-MISC,0.5098773010520976,0.5125171939477303,0.5791232044623602
B-ORG,0.1809475684099202,0.462067779115775,0.40700141633100495
B-PER,0.3835777833911632,0.38952626490493075,0.3867789323359516
I-LOC,-0.01344780764541309,0.5529360401659027,0.5485384657282999
I-MISC,0.17658132770675528,0.4936649460347255,0.5154270650823924
I-ORG,0.09190749818148691,0.5958106331016344,0.5322252031997612
I-PER,0.15902554119161827,0.6339538648320518,0.593979897317027
O,0.10467258736847995,-0.006726691993219958,0.05299154217766466
