Entity,Precision Change,Recall Change,F1 Change
B-LOC,0.2985825805457054,0.35508713429399386,0.32886243712351426
B-MISC,0.5921479088705,0.6627978953884247,0.6922997687148791
B-ORG,0.2962342017526417,0.45678191489361697,0.4058279974722569
B-PER,0.40844541125485356,0.25932212980252356,0.3412037740754128
I-LOC,0.2647982563780533,0.7511045655375552,0.7495355898019832
I-MISC,0.4474671108355235,0.5806302131603337,0.5634458277954558
I-ORG,0.19276572322682772,0.5944032366824006,0.5041981205922013
I-PER,0.26342375902401705,0.7052075132156113,0.6219314396199968
O,0.05323598939646146,0.002499655124844846,0.028832961723753714
