Entity,Precision Change,Recall Change,F1 Change
B-LOC,0.32176901004272085,0.4285063141807652,0.37645756805487596
B-MISC,0.48852227152004424,0.6377723406734243,0.6763796798851688
B-ORG,0.26432214701118895,0.5062865379995194,0.4460349791845019
B-PER,0.4303474523044751,0.41110684253212104,0.420881752700598
I-LOC,0.3476367660034746,0.7358543417366946,0.7495095844985387
I-MISC,0.41320946376916434,0.6109121298949379,0.6009818101048318
I-ORG,0.1832913315168867,0.6139821615949633,0.5416404411046827
I-PER,0.22277543179727755,0.6912286778076023,0.6247992996616847
O,0.08625968259493733,0.00044542806569947135,0.04555683164151403
