Entity,Precision Change,Recall Change,F1 Change
B-LOC,0.32125127422207533,0.4518289251547552,0.41441700929277014
B-MISC,0.49459377542481286,0.24146324003149833,0.32422579834868215
B-ORG,0.021091760315745445,0.2941508043186056,0.26146560983386435
B-PER,0.23164728053051487,0.32913575580021737,0.3040079393668086
I-LOC,0.5834183839057517,0.4072067531813028,0.4789866936962025
I-MISC,0.11845547862325922,0.2588107961848069,0.2987269130335386
I-ORG,0.4066225688338717,0.568659127625202,0.5834029829709877
I-PER,0.4213718486011574,0.4790295460004804,0.5124872597634508
O,0.09721813405869584,-0.020891976094361775,0.04413955394457003
