Entity,Precision Change,Recall Change,F1 Change
B-LOC,0.3033151666243431,0.3773278008298755,0.34294458640194125
B-MISC,0.5377410582292996,0.6369663219305224,0.6627435567319783
B-ORG,0.2585591321293378,0.48438091631957586,0.4227299193615011
B-PER,0.4416927459123085,0.331023216672442,0.390617009783001
I-LOC,0.8686423976213404,0.7795071335927367,0.8215117913130037
I-MISC,0.3523125221112967,0.5857963300182097,0.556499016454432
I-ORG,0.13434584102051972,0.5704321455648218,0.47733954067258555
I-PER,0.23265806167420122,0.7013256826276216,0.6260867142383728
O,0.06303388263807541,-0.0020886868795995106,0.031943468776771455
