Entity,Precision Change,Recall Change,F1 Change
B-LOC,-0.052623297731628105,0.07447803287027686,0.0625577398362284
B-MISC,0.2534071231568714,0.026330637577581344,0.0475667792504774
B-ORG,0.22921801407147546,0.08074291808651769,0.12426136162695216
B-PER,-0.020456666690452374,0.09922499730366854,0.1028234750953385
I-LOC,-0.3182507474372975,-0.004990351986160092,-0.010616726689491315
I-MISC,0.21293323408283987,0.062282284802954634,0.09607775128684924
I-ORG,0.4043594063730549,0.10748294942735813,0.16752419688611334
I-PER,0.27144017156803324,0.06985483528805649,0.11080693620788536
O,0.025268170982753357,-0.02611821405000536,0.0033034005819969625
