Entity,Precision Change,Recall Change,F1 Change
B-LOC,0.3610572936572678,0.5715000673711768,0.5028420459553262
B-MISC,0.4477913984453762,0.5620351706401613,0.6203742346388319
B-ORG,0.14249653624658998,0.5686490860274376,0.5593397633782718
B-PER,0.3433149230747773,0.5077609400510497,0.4492387291324489
I-LOC,0.014615802376539255,0.6175185086076175,0.6460608136863607
I-MISC,0.10613632259993755,0.4851692146870508,0.5551107967692367
I-ORG,0.21168324399670724,0.6948953392227686,0.6880219495418113
I-PER,0.29517377708547954,0.5772207563764292,0.6060078594682569
O,0.1122933709772953,-0.009801389769725222,0.05636861967731632
