Entity,Precision Change,Recall Change,F1 Change
B-LOC,0.22519023463932197,0.42021490933512423,0.357086691994031
B-MISC,0.4944227988315199,0.6834269662921348,0.7253380925233188
B-ORG,0.3274241661473748,0.49298027368046915,0.4522476833340849
B-PER,0.3174797053109685,0.3187675070028011,0.3191612755150146
I-LOC,0.15792342788228353,0.5967657798643715,0.526365164566073
I-MISC,0.3470745762039017,0.5683469073299581,0.5132885163688101
I-ORG,0.26539971120385175,0.6149495942955496,0.5190198069924705
I-PER,0.21298337349195506,0.700796580532349,0.5904206025710288
O,0.055653121016055684,0.0006807108053883404,0.0293706715499924
